OBJECTID,DATE,Age_0_to_9,Age_10_to_19,Age_20_to_29,Age_30_to_39,Age_40_to_49,Age_50_to_59,Age_60_to_69,Age_70_to_79,Age_80plus,Age_Unknown
1,04/08/2020 06:00:00 AM,0,0,0,4,4,16,26,39,35,0
2,04/09/2020 06:00:00 AM,0,0,0,4,4,16,28,43,43,0
3,04/10/2020 06:00:00 AM,0,0,0,5,5,20,32,51,58,0
4,04/11/2020 06:00:00 AM,0,0,1,8,5,22,42,57,71,0
5,04/12/2020 06:00:00 AM,0,0,1,9,5,25,51,65,79,0
6,04/13/2020 06:00:00 AM,0,0,1,9,5,26,58,73,90,0
7,04/14/2020 06:00:00 AM,0,0,1,11,6,29,69,83,103,0
8,04/15/2020 06:00:00 AM,0,0,1,5,5,18,53,71,107,89
9,04/16/2020 06:00:00 AM,0,0,2,6,6,23,61,77,123,94
10,04/17/2020 06:00:00 AM,0,0,2,8,7,24,68,87,141,88
11,04/18/2020 06:00:00 AM,0,0,2,8,9,24,72,93,153,102
12,04/19/2020 06:00:00 AM,0,0,2,12,10,30,78,109,169,76
13,04/20/2020 06:00:00 AM,0,0,2,12,10,33,80,115,185,79
14,04/21/2020 06:00:00 AM,0,0,2,11,12,34,84,135,201,105
15,04/22/2020 06:00:00 AM,0,0,2,12,12,39,90,150,228,98
16,04/23/2020 06:00:00 AM,0,0,3,12,15,43,93,167,247,100
17,04/24/2020 06:00:00 AM,0,0,3,13,17,46,102,174,267,101
18,04/25/2020 06:00:00 AM,0,0,4,12,18,54,113,183,298,115
19,04/26/2020 06:00:00 AM,0,0,4,12,18,54,117,185,305,132
20,04/27/2020 06:00:00 AM,0,0,5,13,18,60,134,210,345,73
21,04/28/2020 06:00:00 AM,0,0,6,13,19,61,139,219,377,95
22,04/29/2020 06:00:00 AM,0,0,7,14,24,65,152,234,413,76
23,04/30/2020 06:00:00 AM,0,0,8,14,26,68,161,251,444,75
24,05/01/2020 06:00:00 AM,0,0,8,14,28,68,164,259,453,104
25,05/02/2020 06:00:00 AM,0,0,8,16,28,76,176,285,490,77
26,05/03/2020 06:00:00 AM,0,0,8,16,30,83,186,292,506,61
27,05/04/2020 06:00:00 AM,0,0,8,17,30,85,191,296,519,70
28,05/05/2020 06:00:00 AM,0,0,9,17,32,86,199,311,553,83
29,05/06/2020 06:00:00 AM,0,0,9,17,33,87,207,325,585,75
30,05/07/2020 06:00:00 AM,0,0,9,17,35,89,215,336,610,90
31,05/08/2020 06:00:00 AM,0,0,10,17,35,90,220,356,635,90
32,05/09/2020 06:00:00 AM,0,0,10,19,37,98,230,363,657,96
33,05/10/2020 06:00:00 AM,0,0,10,19,38,100,238,378,669,86
34,05/11/2020 06:00:00 AM,0,0,10,19,39,106,239,384,676,100
35,05/12/2020 06:00:00 AM,0,0,10,20,42,108,252,400,712,99
36,05/13/2020 06:00:00 AM,0,0,10,20,45,114,263,417,744,81
37,05/14/2020 06:00:00 AM,0,0,10,20,48,116,271,428,771,84
38,05/15/2020 06:00:00 AM,0,0,10,21,52,118,280,441,790,80
39,05/16/2020 06:00:00 AM,0,0,10,22,51,123,290,449,817,80
40,05/17/2020 06:00:00 AM,0,0,10,23,51,124,295,459,841,73
41,05/18/2020 06:00:00 AM,0,0,10,23,51,126,302,465,852,74
42,05/19/2020 06:00:00 AM,0,1,10,24,53,131,306,478,884,76
43,05/20/2020 06:00:00 AM,0,1,10,25,54,135,311,495,908,65
44,05/21/2020 06:00:00 AM,0,1,11,28,55,138,319,507,929,57
45,05/22/2020 06:00:00 AM,0,1,11,28,56,145,327,514,952,58
46,05/23/2020 06:00:00 AM,0,1,12,28,57,146,333,528,971,54
47,05/24/2020 06:00:00 AM,0,1,12,28,58,148,338,534,984,59
48,05/25/2020 06:00:00 AM,0,1,12,28,61,150,346,541,997,51
49,05/26/2020 06:00:00 AM,0,1,12,28,65,151,351,550,1007,52
50,05/27/2020 06:00:00 AM,0,1,11,28,66,153,358,563,1030,60
51,05/28/2020 06:00:00 AM,0,1,13,29,66,155,362,573,1046,62
52,05/29/2020 06:00:00 AM,0,1,12,29,68,160,374,581,1070,53
53,05/30/2020 06:00:00 AM,0,1,12,30,68,165,381,590,1093,50
54,05/31/2020 06:00:00 AM,0,1,13,30,69,168,385,600,1102,43
55,06/01/2020 06:00:00 AM,0,1,12,31,71,172,387,605,1110,42
56,06/02/2020 06:00:00 AM,0,1,12,31,75,173,392,616,1125,49
57,06/03/2020 06:00:00 AM,0,1,12,31,75,179,401,626,1148,46
58,06/04/2020 06:00:00 AM,0,1,12,33,75,182,406,631,1171,35
59,06/05/2020 06:00:00 AM,0,1,13,33,78,187,412,637,1183,36
60,06/06/2020 06:00:00 AM,0,1,13,34,79,191,417,648,1204,29
61,06/07/2020 06:00:00 AM,0,1,13,34,79,191,420,651,1214,22
62,06/08/2020 06:00:00 AM,0,1,14,34,80,192,424,651,1218,39
63,06/09/2020 06:00:00 AM,0,1,14,34,81,194,430,658,1239,35
64,06/10/2020 06:00:00 AM,0,1,14,34,81,198,435,664,1255,37
65,06/11/2020 06:00:00 AM,0,1,14,35,83,202,435,669,1268,43
66,06/12/2020 06:00:00 AM,0,1,14,35,85,205,444,673,1281,35
67,06/13/2020 06:00:00 AM,0,1,14,35,87,206,452,676,1291,37
68,06/14/2020 06:00:00 AM,0,1,14,36,87,207,459,684,1293,30
69,06/15/2020 06:00:00 AM,0,1,14,35,87,209,460,693,1295,23
70,06/16/2020 06:00:00 AM,0,1,14,35,86,211,463,695,1306,40
71,06/17/2020 06:00:00 AM,0,1,14,35,87,214,464,704,1321,26
72,06/18/2020 06:00:00 AM,0,1,14,35,87,215,466,713,1334,21
73,06/19/2020 06:00:00 AM,0,1,14,35,87,218,468,715,1342,21
74,06/20/2020 06:00:00 AM,0,1,14,38,89,222,470,716,1352,21
75,06/21/2020 06:00:00 AM,0,1,14,38,90,223,471,718,1357,25
76,06/22/2020 06:00:00 AM,0,1,15,39,93,224,473,720,1361,19
77,06/23/2020 06:00:00 AM,0,1,15,39,93,224,474,724,1372,21
78,06/24/2020 06:00:00 AM,0,1,16,39,94,226,479,728,1375,20
79,06/25/2020 06:00:00 AM,0,1,16,39,95,230,481,732,1382,25
80,06/26/2020 06:00:00 AM,0,1,16,39,95,230,488,736,1389,21
81,06/27/2020 06:00:00 AM,0,1,16,39,96,234,490,738,1397,19
82,06/28/2020 06:00:00 AM,0,1,17,39,96,235,490,743,1399,22
83,06/29/2020 06:00:00 AM,0,1,17,39,96,237,492,744,1403,19
84,06/30/2020 06:00:00 AM,0,1,16,40,96,239,493,744,1408,25
85,07/01/2020 06:00:00 AM,0,1,16,40,98,241,496,747,1416,22
86,07/02/2020 06:00:00 AM,0,1,16,40,98,242,497,748,1422,22
87,07/03/2020 06:00:00 AM,0,1,16,41,98,242,501,756,1423,21
88,07/04/2020 06:00:00 AM,0,1,17,42,98,242,504,758,1428,21
89,07/05/2020 06:00:00 AM,0,1,17,42,98,242,505,758,1431,24
90,07/06/2020 06:00:00 AM,0,1,17,42,98,242,509,763,1433,16
91,07/07/2020 06:00:00 AM,0,1,17,42,98,242,511,766,1438,25
92,07/08/2020 06:00:00 AM,0,1,18,42,98,245,513,768,1446,18
93,07/09/2020 06:00:00 AM,0,1,18,42,99,245,514,773,1450,18
94,07/10/2020 06:00:00 AM,0,1,18,42,99,247,516,775,1458,16
95,07/11/2020 06:00:00 AM,0,1,18,42,99,249,517,777,1461,15
96,07/12/2020 06:00:00 AM,0,1,18,42,101,249,520,783,1461,13
97,07/13/2020 06:00:00 AM,0,1,18,42,101,250,522,786,1461,13
98,07/14/2020 06:00:00 AM,0,1,18,42,101,251,523,788,1463,15
99,07/15/2020 06:00:00 AM,0,1,18,42,101,252,524,792,1469,10
100,07/16/2020 06:00:00 AM,0,1,18,42,102,254,523,793,1472,10
101,07/17/2020 06:00:00 AM,0,1,18,43,102,254,523,797,1473,16
102,07/18/2020 06:00:00 AM,0,1,18,44,102,255,526,802,1482,8
103,07/19/2020 06:00:00 AM,0,1,18,45,102,255,527,803,1484,12
104,07/20/2020 06:00:00 AM,0,1,18,45,102,257,530,805,1486,8
105,07/21/2020 06:00:00 AM,0,1,18,45,102,258,530,813,1493,12
106,07/22/2020 06:00:00 AM,0,1,18,44,103,258,531,815,1496,10
107,07/23/2020 06:00:00 AM,0,1,18,44,105,259,534,815,1498,7
108,07/24/2020 06:00:00 AM,0,1,18,44,106,259,536,817,1500,12
109,07/25/2020 06:00:00 AM,0,1,18,44,105,260,540,818,1506,12
110,07/26/2020 06:00:00 AM,0,1,18,44,105,261,542,819,1508,11
111,07/27/2020 06:00:00 AM,0,1,18,44,105,264,544,820,1509,10
112,07/28/2020 06:00:00 AM,0,1,19,44,106,263,545,823,1514,12
113,07/29/2020 06:00:00 AM,0,1,19,44,106,263,546,824,1521,23
114,07/30/2020 06:00:00 AM,0,1,19,45,107,263,550,826,1533,13
115,07/31/2020 06:00:00 AM,0,1,19,45,108,264,552,829,1534,10
116,08/01/2020 06:00:00 AM,0,1,19,45,108,268,554,831,1535,13
117,08/02/2020 06:00:00 AM,0,1,19,45,108,269,556,834,1540,9
118,08/03/2020 06:00:00 AM,0,1,19,45,108,270,556,835,1541,14
119,08/04/2020 06:00:00 AM,0,1,19,45,108,270,558,837,1545,13
120,08/05/2020 06:00:00 AM,0,1,20,45,108,271,559,840,1551,7
121,08/06/2020 06:00:00 AM,0,1,20,45,109,271,560,842,1556,11
122,08/07/2020 06:00:00 AM,0,1,20,45,109,272,562,845,1560,15
123,08/08/2020 06:00:00 AM,0,1,21,45,109,272,564,847,1568,13
124,08/09/2020 06:00:00 AM,0,1,21,45,110,272,565,849,1573,12
125,08/10/2020 06:00:00 AM,0,1,21,45,110,273,565,849,1577,13
126,08/11/2020 06:00:00 AM,0,1,21,45,112,273,566,851,1583,15
127,08/12/2020 06:00:00 AM,0,1,21,45,112,274,569,855,1587,10
128,08/13/2020 06:00:00 AM,0,1,21,46,113,277,570,858,1589,8
129,08/14/2020 06:00:00 AM,0,1,21,46,113,278,570,863,1591,12
130,08/15/2020 06:00:00 AM,0,1,21,46,114,280,570,862,1596,9
131,08/16/2020 06:00:00 AM,0,1,21,46,114,282,572,863,1598,5
132,08/17/2020 06:00:00 AM,0,1,21,46,114,282,572,864,1598,6
133,08/18/2020 06:00:00 AM,0,1,21,46,115,283,572,866,1604,3
134,08/19/2020 06:00:00 AM,0,1,21,46,115,284,574,871,1607,3
135,08/20/2020 06:00:00 AM,0,1,23,46,115,285,574,874,1609,4
136,08/21/2020 06:00:00 AM,0,1,23,46,116,284,574,876,1612,4
137,08/22/2020 06:00:00 AM,0,1,23,46,116,286,576,879,1616,3
138,08/23/2020 06:00:00 AM,0,1,23,46,118,287,578,879,1617,3
139,08/24/2020 06:00:00 AM,0,1,23,46,118,287,578,879,1619,3
140,08/25/2020 06:00:00 AM,0,1,23,46,118,287,580,884,1622,3
141,08/26/2020 06:00:00 AM,0,1,23,46,118,287,582,887,1627,3
142,08/27/2020 06:00:00 AM,0,1,23,46,118,287,584,888,1631,2
143,08/28/2020 06:00:00 AM,0,2,23,46,119,289,586,893,1633,2
144,08/29/2020 06:00:00 AM,0,2,23,46,119,289,590,894,1638,2
145,08/30/2020 06:00:00 AM,0,2,23,46,120,290,591,895,1640,2
146,08/31/2020 06:00:00 AM,0,2,23,46,120,291,591,896,1641,2
147,09/01/2020 06:00:00 AM,0,2,23,46,119,292,592,899,1642,2
148,09/02/2020 06:00:00 AM,0,2,23,46,119,292,593,900,1646,2
149,09/03/2020 06:00:00 AM,0,2,23,46,119,292,593,907,1650,2
150,09/04/2020 06:00:00 AM,0,2,23,46,119,292,594,910,1657,2
151,09/05/2020 06:00:00 AM,0,2,23,46,119,293,596,912,1659,2
152,09/06/2020 06:00:00 AM,0,2,23,46,119,294,596,913,1660,2
153,09/07/2020 06:00:00 AM,0,2,23,47,119,294,597,914,1662,2
154,09/08/2020 06:00:00 AM,0,2,23,47,119,294,599,915,1662,2
155,09/09/2020 06:00:00 AM,0,2,23,47,119,296,599,916,1668,2
156,09/10/2020 06:00:00 AM,0,2,23,47,119,296,602,917,1671,2
157,09/11/2020 06:00:00 AM,0,2,23,47,119,298,602,918,1674,2
158,09/12/2020 06:00:00 AM,0,2,23,47,119,300,604,919,1677,2
159,09/13/2020 06:00:00 AM,0,2,23,47,119,300,604,920,1678,2
160,09/14/2020 06:00:00 AM,0,2,23,47,119,300,604,921,1678,2
161,09/15/2020 06:00:00 AM,0,2,23,47,119,303,605,925,1680,2
162,09/16/2020 06:00:00 AM,0,2,23,47,119,305,605,927,1682,2
163,09/17/2020 06:00:00 AM,0,2,23,47,119,306,607,927,1684,2
164,09/18/2020 06:00:00 AM,0,2,23,47,119,306,607,931,1686,3
165,09/19/2020 06:00:00 AM,0,2,23,47,119,308,608,934,1689,2
166,09/20/2020 06:00:00 AM,0,2,23,47,119,308,609,935,1690,2
167,09/21/2020 06:00:00 AM,0,2,23,47,119,308,612,936,1690,2
168,09/22/2020 06:00:00 AM,0,2,23,47,120,308,615,937,1694,2
169,09/23/2020 06:00:00 AM,0,2,23,47,121,309,617,938,1697,2
170,09/24/2020 06:00:00 AM,0,2,23,47,121,309,620,938,1703,2
171,09/25/2020 06:00:00 AM,0,2,23,47,122,309,621,940,1706,2
172,09/26/2020 06:00:00 AM,0,2,23,47,122,310,624,941,1709,2
173,09/27/2020 06:00:00 AM,0,2,23,47,122,311,625,943,1715,2
174,09/28/2020 06:00:00 AM,0,2,23,47,122,311,625,945,1716,2
175,09/29/2020 06:00:00 AM,0,2,23,48,122,312,627,946,1720,2
176,09/30/2020 06:00:00 AM,0,2,23,48,123,312,627,946,1722,2
177,10/01/2020 06:00:00 AM,0,2,23,48,123,311,628,946,1722,2
178,10/02/2020 06:00:00 AM,0,2,23,48,123,311,629,945,1723,2
179,10/03/2020 06:00:00 AM,0,2,23,48,123,312,628,947,1728,2
180,10/04/2020 06:00:00 AM,0,2,23,48,123,312,628,947,1729,2
181,10/05/2020 06:00:00 AM,0,2,23,48,123,312,629,949,1729,2
182,10/06/2020 06:00:00 AM,0,2,24,48,123,312,630,950,1732,2
183,10/07/2020 06:00:00 AM,0,2,24,48,123,313,634,952,1731,2
184,10/08/2020 06:00:00 AM,0,2,24,48,123,314,634,953,1735,2
185,10/09/2020 06:00:00 AM,0,2,24,48,123,316,635,956,1739,2
186,10/10/2020 06:00:00 AM,0,2,24,48,123,317,635,956,1743,2
187,10/11/2020 06:00:00 AM,0,2,24,48,123,318,637,957,1743,2
188,10/12/2020 06:00:00 AM,0,2,24,48,123,318,637,958,1747,2
189,10/13/2020 06:00:00 AM,0,2,24,48,124,319,639,960,1750,2
190,10/14/2020 06:00:00 AM,0,2,24,48,124,321,639,964,1753,2
191,10/15/2020 06:00:00 AM,0,2,24,49,124,321,640,964,1757,2
192,10/16/2020 06:00:00 AM,0,2,24,49,124,322,641,964,1759,2
193,10/17/2020 06:00:00 AM,0,2,24,49,124,323,641,963,1763,2
194,10/18/2020 06:00:00 AM,0,2,24,49,124,323,641,963,1763,2
195,10/19/2020 06:00:00 AM,0,2,24,50,124,323,642,964,1764,2
196,10/20/2020 06:00:00 AM,0,2,24,50,124,323,644,965,1769,3
197,10/21/2020 06:00:00 AM,0,2,24,50,124,323,645,968,1773,3
198,10/22/2020 06:00:00 AM,0,2,24,50,124,323,647,972,1779,3
199,10/23/2020 06:00:00 AM,0,2,24,51,125,323,646,974,1784,3
200,10/24/2020 06:00:00 AM,0,2,24,52,127,324,646,978,1789,3
201,10/25/2020 06:00:00 AM,0,2,24,52,129,324,647,979,1791,2
202,10/26/2020 06:00:00 AM,0,2,24,52,130,324,647,981,1791,2
203,10/27/2020 06:00:00 AM,0,2,24,52,130,324,650,983,1795,2
204,10/28/2020 06:00:00 AM,0,2,24,52,130,324,651,986,1798,2
205,10/29/2020 06:00:00 AM,0,2,24,52,130,325,652,991,1802,2
206,10/30/2020 06:00:00 AM,0,2,24,52,130,326,653,995,1806,2
207,10/31/2020 06:00:00 AM,0,2,24,52,130,327,656,996,1811,2
208,11/01/2020 05:00:00 AM,0,2,24,52,130,327,656,999,1812,2
209,11/02/2020 05:00:00 AM,0,2,24,52,130,327,657,1000,1813,2
210,11/03/2020 05:00:00 AM,0,2,24,52,131,327,661,1000,1816,2
211,11/04/2020 05:00:00 AM,0,2,24,54,131,327,661,1002,1822,2
212,11/05/2020 05:00:00 AM,0,2,24,54,132,328,663,1002,1828,2
213,11/06/2020 05:00:00 AM,0,3,24,54,132,331,662,1004,1834,2
214,11/07/2020 05:00:00 AM,0,3,24,54,132,331,662,1006,1838,2
215,11/08/2020 05:00:00 AM,0,3,24,54,132,331,664,1010,1843,2
216,11/09/2020 05:00:00 AM,0,3,24,54,132,332,664,1011,1850,2
217,11/10/2020 05:00:00 AM,0,3,24,54,133,333,665,1015,1855,2
218,11/11/2020 05:00:00 AM,0,3,24,54,134,334,670,1019,1860,2
219,11/12/2020 05:00:00 AM,0,3,25,54,134,334,672,1023,1865,2
220,11/13/2020 05:00:00 AM,0,3,25,53,134,334,675,1028,1870,2
221,11/14/2020 05:00:00 AM,0,3,25,53,135,340,676,1032,1878,2
222,11/15/2020 05:00:00 AM,0,3,25,53,135,341,676,1035,1883,2
223,11/16/2020 05:00:00 AM,0,3,25,53,136,344,676,1036,1885,2
224,11/17/2020 05:00:00 AM,0,3,26,53,137,345,678,1042,1900,2
225,11/18/2020 05:00:00 AM,0,3,26,53,137,346,679,1047,1908,2
226,11/19/2020 05:00:00 AM,0,3,26,53,138,346,681,1051,1920,2
227,11/20/2020 05:00:00 AM,0,3,26,53,138,347,682,1058,1936,2
228,11/21/2020 05:00:00 AM,0,3,26,53,139,347,683,1063,1945,2
229,11/22/2020 05:00:00 AM,0,3,26,53,139,349,685,1067,1955,2
230,11/23/2020 05:00:00 AM,0,3,26,53,139,350,689,1072,1959,2
231,11/24/2020 05:00:00 AM,0,3,26,53,140,351,695,1082,1973,2
232,11/25/2020 05:00:00 AM,0,3,26,53,139,351,698,1097,1994,2
233,11/26/2020 05:00:00 AM,0,3,26,53,140,355,702,1102,2009,2
234,11/27/2020 05:00:00 AM,0,3,26,53,140,357,706,1106,2021,2
235,11/28/2020 05:00:00 AM,0,3,26,53,139,358,711,1116,2039,2
236,11/29/2020 05:00:00 AM,0,3,26,53,139,361,715,1123,2048,2
237,11/30/2020 05:00:00 AM,1,3,26,53,139,361,717,1126,2058,2
238,12/01/2020 05:00:00 AM,1,3,26,53,139,367,724,1130,2071,2
239,12/02/2020 05:00:00 AM,1,3,26,53,141,369,725,1143,2095,2
240,12/03/2020 05:00:00 AM,1,3,27,54,142,368,731,1158,2120,2
241,12/04/2020 05:00:00 AM,1,3,27,54,142,368,732,1165,2135,3
242,12/05/2020 05:00:00 AM,1,3,27,55,145,369,733,1173,2151,2
243,12/06/2020 05:00:00 AM,1,3,27,55,149,372,737,1175,2164,2
244,12/07/2020 05:00:00 AM,1,3,27,55,148,376,738,1181,2174,2
245,12/08/2020 05:00:00 AM,1,3,27,55,149,379,743,1195,2201,2
246,12/09/2020 05:00:00 AM,1,3,27,55,149,380,751,1206,2226,3
247,12/10/2020 05:00:00 AM,1,3,27,55,150,383,759,1223,2246,3
248,12/11/2020 05:00:00 AM,1,3,27,55,150,385,770,1232,2276,2
249,12/12/2020 05:00:00 AM,1,4,27,55,152,389,773,1242,2292,2
250,12/13/2020 05:00:00 AM,1,4,27,55,152,389,776,1246,2301,3
251,12/14/2020 05:00:00 AM,1,4,27,56,152,388,780,1257,2311,2
252,12/15/2020 05:00:00 AM,1,4,27,57,153,390,787,1270,2348,2
253,12/16/2020 05:00:00 AM,1,4,27,57,155,393,800,1282,2382,2
254,12/17/2020 05:00:00 AM,1,4,27,59,155,399,808,1291,2405,3
255,12/18/2020 05:00:00 AM,1,4,27,59,158,400,811,1298,2427,3
256,12/19/2020 05:00:00 AM,1,4,27,59,159,407,821,1313,2449,2
257,12/20/2020 05:00:00 AM,1,4,27,59,160,410,825,1325,2466,2
258,12/21/2020 05:00:00 AM,1,4,27,59,160,414,826,1331,2478,2
259,12/22/2020 05:00:00 AM,1,4,27,60,160,416,836,1343,2504,2
260,12/23/2020 05:00:00 AM,1,4,27,60,162,420,841,1362,2523,2
261,12/24/2020 05:00:00 AM,1,4,27,60,164,425,849,1379,2550,3
262,12/25/2020 05:00:00 AM,1,4,27,61,166,427,850,1386,2569,2
263,12/26/2020 05:00:00 AM,1,4,27,61,166,428,854,1391,2580,2
264,12/27/2020 05:00:00 AM,1,4,27,61,167,430,860,1402,2591,2
265,12/28/2020 05:00:00 AM,1,4,27,61,167,434,865,1416,2596,2
266,12/29/2020 05:00:00 AM,1,4,27,61,167,440,872,1429,2633,2
267,12/30/2020 05:00:00 AM,1,4,27,61,167,444,876,1442,2657,2
268,12/31/2020 05:00:00 AM,1,4,27,61,172,447,882,1450,2681,2
269,01/01/2021 05:00:00 AM,1,4,27,62,173,449,891,1464,2701,2
270,01/02/2021 05:00:00 AM,1,4,27,62,175,451,899,1467,2711,2
271,01/03/2021 05:00:00 AM,1,4,27,62,176,451,904,1471,2727,3
272,01/04/2021 05:00:00 AM,1,4,27,63,176,455,911,1480,2740,2
273,01/05/2021 05:00:00 AM,1,4,27,63,177,456,919,1493,2770,3
274,01/06/2021 05:00:00 AM,1,4,27,63,179,460,928,1506,2789,3
275,01/07/2021 05:00:00 AM,1,4,27,63,179,466,932,1519,2811,2
276,01/08/2021 05:00:00 AM,1,4,29,64,179,470,940,1529,2829,2
277,01/09/2021 05:00:00 AM,1,4,29,64,179,477,943,1537,2839,2
278,01/10/2021 05:00:00 AM,1,4,29,63,179,479,948,1546,2849,2
279,01/11/2021 05:00:00 AM,1,5,29,63,180,479,956,1558,2856,2
280,01/12/2021 05:00:00 AM,1,5,29,65,181,482,969,1573,2889,2
281,01/13/2021 05:00:00 AM,1,5,29,65,182,484,973,1583,2909,2
282,01/14/2021 05:00:00 AM,1,5,30,65,183,485,982,1589,2935,2
283,01/15/2021 05:00:00 AM,1,5,30,65,183,487,988,1606,2953,4
284,01/16/2021 05:00:00 AM,2,5,30,65,185,488,999,1615,2978,2
285,01/17/2021 05:00:00 AM,2,5,30,65,186,489,1003,1621,2991,2
286,01/18/2021 05:00:00 AM,2,5,30,65,187,495,1012,1625,3000,2
287,01/19/2021 05:00:00 AM,2,5,31,67,187,498,1013,1642,3028,3
288,01/20/2021 05:00:00 AM,2,5,31,67,188,502,1021,1651,3045,2
289,01/21/2021 05:00:00 AM,2,5,31,67,189,505,1024,1663,3072,2
290,01/22/2021 05:00:00 AM,2,5,32,68,190,512,1032,1678,3096,2
291,01/23/2021 05:00:00 AM,0,6,32,68,191,517,1041,1691,3112,2
292,01/24/2021 05:00:00 AM,2,6,32,69,192,517,1046,1699,3125,2
293,01/25/2021 05:00:00 AM,2,6,32,70,192,519,1058,1703,3142,2
294,01/26/2021 05:00:00 AM,2,6,32,70,192,521,1066,1723,3173,3
295,01/27/2021 05:00:00 AM,2,6,32,71,193,523,1075,1729,3188,2
296,01/28/2021 05:00:00 AM,2,6,32,71,194,527,1082,1743,3202,2
297,01/29/2021 05:00:00 AM,2,6,32,71,195,531,1085,1753,3223,2
298,01/30/2021 05:00:00 AM,2,6,32,71,195,532,1090,1764,3237,2
299,01/31/2021 05:00:00 AM,2,6,32,72,195,533,1095,1769,3245,2
300,02/01/2021 05:00:00 AM,3,6,32,72,196,537,1097,1775,3258,2
301,02/02/2021 05:00:00 AM,3,6,32,71,196,537,1102,1783,3280,2
302,02/03/2021 05:00:00 AM,3,6,32,71,197,537,1106,1786,3301,4
303,02/04/2021 05:00:00 AM,3,6,34,73,198,536,1112,1790,3318,4
304,02/05/2021 05:00:00 AM,3,6,34,73,199,538,1120,1800,3333,3
305,02/06/2021 05:00:00 AM,3,6,34,73,199,543,1126,1809,3354,3
306,02/07/2021 05:00:00 AM,3,6,34,73,199,545,1130,1814,3363,3
307,02/08/2021 05:00:00 AM,3,6,34,73,199,550,1135,1821,3370,2
308,02/09/2021 05:00:00 AM,3,6,34,73,200,549,1140,1834,3393,2
309,02/10/2021 05:00:00 AM,3,6,34,73,201,551,1144,1845,3407,3
310,02/11/2021 05:00:00 AM,3,6,34,73,201,555,1146,1851,3417,2
311,02/12/2021 05:00:00 AM,3,6,34,73,201,555,1155,1863,3432,2
312,02/13/2021 05:00:00 AM,3,6,34,73,201,556,1160,1873,3448,2
313,02/14/2021 05:00:00 AM,3,6,34,74,201,557,1163,1880,3454,2
314,02/15/2021 05:00:00 AM,3,6,34,74,201,559,1170,1884,3467,2
315,02/16/2021 05:00:00 AM,3,6,34,74,201,562,1172,1888,3488,2
316,02/17/2021 05:00:00 AM,3,6,34,74,201,561,1178,1896,3493,3
317,02/18/2021 05:00:00 AM,3,6,34,75,202,566,1184,1901,3504,4
318,02/19/2021 05:00:00 AM,3,6,34,75,204,566,1184,1904,3516,3
319,02/20/2021 05:00:00 AM,3,6,34,75,204,569,1190,1907,3524,3
320,02/21/2021 05:00:00 AM,3,6,34,75,204,569,1193,1915,3531,3
321,02/22/2021 05:00:00 AM,3,6,34,75,204,573,1196,1917,3539,3
322,02/23/2021 05:00:00 AM,3,6,34,75,205,574,1201,1927,3552,3
323,02/24/2021 05:00:00 AM,3,6,34,75,206,575,1203,1936,3567,2
324,02/25/2021 05:00:00 AM,3,6,34,74,206,576,1206,1941,3575,2
325,02/26/2021 05:00:00 AM,3,6,34,74,206,576,1214,1951,3590,2
326,02/27/2021 05:00:00 AM,3,6,34,74,206,577,1217,1958,3597,2
327,02/28/2021 05:00:00 AM,3,6,34,74,206,578,1220,1961,3603,2
328,03/01/2021 05:00:00 AM,3,6,34,74,206,581,1223,1963,3605,2
329,03/02/2021 05:00:00 AM,3,6,34,75,206,582,1229,1968,3618,2
330,03/03/2021 05:00:00 AM,3,6,35,75,206,585,1230,1970,3625,2
331,03/04/2021 05:00:00 AM,3,6,35,75,206,585,1230,1972,3626,2
332,03/05/2021 05:00:00 AM,3,6,35,75,206,586,1229,1975,3631,2
333,03/06/2021 05:00:00 AM,3,6,35,75,207,587,1230,1980,3634,2
334,03/07/2021 05:00:00 AM,3,6,35,75,208,589,1232,1987,3636,2
335,03/08/2021 05:00:00 AM,3,6,35,75,208,591,1234,1987,3640,2
336,03/09/2021 05:00:00 AM,3,6,35,76,209,594,1237,1994,3650,2
337,03/10/2021 05:00:00 AM,3,6,35,76,209,594,1240,1998,3657,2
338,03/11/2021 05:00:00 AM,3,6,35,76,209,596,1245,1999,3661,2
339,03/12/2021 05:00:00 AM,3,6,35,76,210,598,1249,2004,3665,2
340,03/13/2021 05:00:00 AM,3,6,35,76,210,599,1252,2006,3667,2
341,03/14/2021 06:00:00 AM,3,6,35,76,210,602,1255,2007,3670,2
342,03/15/2021 06:00:00 AM,3,6,35,76,210,603,1257,2009,3672,2
343,03/16/2021 06:00:00 AM,3,6,35,76,210,607,1263,2018,3676,2
344,03/17/2021 06:00:00 AM,3,6,35,76,212,608,1268,2026,3679,2
345,03/18/2021 06:00:00 AM,3,6,35,76,213,609,1271,2029,3685,2
346,03/19/2021 06:00:00 AM,3,6,35,76,214,613,1272,2034,3692,2
347,03/20/2021 06:00:00 AM,3,6,35,76,217,616,1279,2038,3701,2
348,03/21/2021 06:00:00 AM,3,6,35,76,217,618,1282,2041,3705,2
349,03/22/2021 06:00:00 AM,3,6,35,77,218,619,1285,2045,3709,2
350,03/23/2021 06:00:00 AM,3,6,35,77,220,619,1289,2049,3710,2
351,03/24/2021 06:00:00 AM,3,6,35,77,223,621,1293,2052,3717,2
352,03/25/2021 06:00:00 AM,3,6,35,77,223,621,1292,2055,3718,2
353,03/26/2021 06:00:00 AM,3,6,35,77,224,623,1298,2057,3722,2
354,03/27/2021 06:00:00 AM,3,6,35,77,225,624,1305,2060,3724,2
355,03/28/2021 06:00:00 AM,3,6,35,77,225,627,1305,2060,3726,2
356,03/29/2021 06:00:00 AM,3,6,35,77,225,629,1308,2060,3730,2
357,03/30/2021 06:00:00 AM,3,6,35,77,226,633,1308,2064,3734,2
358,03/31/2021 06:00:00 AM,3,6,35,77,226,635,1311,2068,3738,2
359,04/01/2021 06:00:00 AM,3,6,35,79,226,639,1314,2072,3742,2
360,04/02/2021 06:00:00 AM,3,6,35,79,226,640,1318,2077,3748,2
361,04/03/2021 06:00:00 AM,3,6,35,81,226,643,1323,2082,3756,2
362,04/04/2021 06:00:00 AM,3,6,35,81,226,642,1327,2084,3759,2
363,04/05/2021 06:00:00 AM,3,6,35,81,226,643,1329,2090,3762,2
364,04/06/2021 06:00:00 AM,3,6,35,81,227,644,1333,2095,3766,2
365,04/07/2021 06:00:00 AM,3,6,35,81,228,647,1333,2096,3772,2
366,04/08/2021 06:00:00 AM,3,6,35,81,228,650,1336,2102,3781,2
367,04/09/2021 06:00:00 AM,3,6,35,81,230,652,1338,2106,3785,2
368,04/10/2021 06:00:00 AM,3,6,35,81,232,654,1343,2111,3790,3
369,04/11/2021 06:00:00 AM,3,6,35,81,233,656,1348,2114,3790,3
370,04/12/2021 06:00:00 AM,3,6,35,81,233,657,1355,2118,3794,2
371,04/13/2021 06:00:00 AM,3,6,35,81,233,658,1357,2123,3800,2
372,04/14/2021 06:00:00 AM,3,6,35,82,234,659,1357,2126,3803,2
373,04/15/2021 06:00:00 AM,3,6,35,83,234,663,1361,2133,3806,2
374,04/16/2021 06:00:00 AM,3,6,35,83,234,670,1365,2137,3807,2
375,04/17/2021 06:00:00 AM,3,6,35,83,235,672,1367,2141,3815,2
376,04/18/2021 06:00:00 AM,3,6,35,84,236,677,1371,2144,3818,2
377,04/19/2021 06:00:00 AM,3,6,35,84,238,678,1376,2145,3820,2
378,04/20/2021 06:00:00 AM,3,6,35,84,238,683,1378,2150,3827,2
379,04/21/2021 06:00:00 AM,3,6,37,85,238,686,1379,2155,3828,2
380,04/22/2021 06:00:00 AM,3,6,37,85,239,689,1385,2159,3834,2
381,04/23/2021 06:00:00 AM,3,6,38,85,239,690,1387,2159,3838,2
382,04/24/2021 06:00:00 AM,3,6,38,85,241,691,1391,2161,3844,2
383,04/25/2021 06:00:00 AM,3,6,39,85,241,692,1394,2165,3848,2
384,04/26/2021 06:00:00 AM,3,6,39,85,244,694,1394,2167,3849,2
385,04/27/2021 06:00:00 AM,3,6,39,85,244,697,1397,2173,3855,2
386,04/28/2021 06:00:00 AM,3,6,40,85,246,698,1404,2178,3859,2
387,04/29/2021 06:00:00 AM,3,6,40,86,246,699,1407,2179,3862,2
388,04/30/2021 06:00:00 AM,3,6,41,87,248,703,1410,2183,3871,3
389,05/01/2021 06:00:00 AM,3,6,41,87,248,706,1417,2186,3878,3
390,05/02/2021 06:00:00 AM,3,6,41,88,248,707,1419,2188,3882,3
391,05/03/2021 06:00:00 AM,3,6,41,89,249,710,1426,2191,3887,3
392,05/04/2021 06:00:00 AM,3,6,41,89,249,712,1427,2191,3891,3
393,05/05/2021 06:00:00 AM,3,6,41,89,249,714,1432,2193,3892,3
394,05/06/2021 06:00:00 AM,3,6,41,91,248,715,1434,2193,3897,3
395,05/07/2021 06:00:00 AM,3,6,41,91,247,717,1437,2196,3901,3
396,05/08/2021 06:00:00 AM,0,6,41,93,247,718,1441,2198,3903,2
397,05/09/2021 06:00:00 AM,3,6,41,93,248,720,1444,2199,3904,2
398,05/10/2021 06:00:00 AM,3,6,41,94,248,723,1447,2201,3905,2
399,05/11/2021 06:00:00 AM,3,6,41,94,251,724,1448,2203,3906,2
400,05/12/2021 06:00:00 AM,3,6,41,94,251,726,1450,2203,3911,2
401,05/13/2021 06:00:00 AM,3,6,41,94,251,727,1453,2209,3917,3
402,05/14/2021 06:00:00 AM,3,6,41,94,251,732,1456,2213,3918,2
403,05/15/2021 06:00:00 AM,3,6,41,95,252,734,1459,2217,3924,2
404,05/16/2021 06:00:00 AM,3,6,41,96,252,734,1461,2218,3924,2
405,05/17/2021 06:00:00 AM,3,6,41,96,252,734,1461,2218,3927,2
406,05/18/2021 06:00:00 AM,3,6,41,96,253,736,1463,2222,3932,2
407,05/19/2021 06:00:00 AM,3,6,41,96,253,739,1465,2228,3933,2
408,05/20/2021 06:00:00 AM,3,6,40,96,254,739,1465,2229,3934,2
409,05/21/2021 06:00:00 AM,3,6,40,97,255,741,1469,2230,3939,2
410,05/22/2021 06:00:00 AM,3,6,40,98,258,743,1472,2232,3945,2
411,05/23/2021 06:00:00 AM,3,6,40,98,259,743,1476,2239,3950,2
412,05/24/2021 06:00:00 AM,3,6,40,98,260,745,1482,2243,3952,2
413,05/25/2021 06:00:00 AM,3,6,40,98,260,746,1486,2243,3954,2
414,05/26/2021 06:00:00 AM,3,6,40,98,261,748,1490,2242,3956,2
415,05/27/2021 06:00:00 AM,3,6,41,103,280,788,1578,2378,4189,2
416,05/28/2021 06:00:00 AM,3,6,40,103,280,790,1581,2382,4193,2
417,05/29/2021 06:00:00 AM,3,6,41,103,280,792,1582,2385,4193,2
418,05/30/2021 06:00:00 AM,3,6,41,103,281,793,1584,2388,4194,2
419,05/31/2021 06:00:00 AM,3,6,41,103,281,793,1588,2388,4197,2
420,06/01/2021 06:00:00 AM,3,6,41,103,282,793,1589,2388,4197,2
421,06/02/2021 06:00:00 AM,3,6,41,104,282,794,1589,2390,4198,3
422,06/03/2021 06:00:00 AM,3,6,41,104,281,795,1589,2393,4198,4
423,06/04/2021 06:00:00 AM,3,6,41,104,281,795,1592,2392,4199,4
424,06/05/2021 06:00:00 AM,3,6,41,105,281,797,1595,2394,4201,3
425,06/06/2021 06:00:00 AM,3,6,42,105,281,798,1598,2394,4201,3
426,06/07/2021 06:00:00 AM,3,6,42,105,281,799,1599,2395,4202,3
427,06/08/2021 06:00:00 AM,3,6,42,104,283,799,1600,2396,4203,2
428,06/09/2021 06:00:00 AM,3,6,42,104,283,799,1600,2397,4206,2
429,06/10/2021 06:00:00 AM,3,6,42,104,284,799,1601,2400,4209,2
430,06/11/2021 06:00:00 AM,3,6,42,104,285,799,1602,2403,4213,2
431,06/12/2021 06:00:00 AM,3,6,42,104,285,801,1604,2403,4213,3
432,06/13/2021 06:00:00 AM,3,6,42,104,285,801,1605,2405,4213,2
433,06/14/2021 06:00:00 AM,3,6,42,104,285,801,1606,2406,4213,2
434,06/15/2021 06:00:00 AM,3,6,42,104,285,801,1608,2409,4212,2
435,06/16/2021 06:00:00 AM,3,6,42,104,286,802,1609,2410,4214,2
436,06/17/2021 06:00:00 AM,3,6,42,104,286,802,1609,2411,4216,2
437,06/18/2021 06:00:00 AM,3,6,43,104,287,802,1610,2412,4217,2
438,06/19/2021 06:00:00 AM,3,6,43,104,288,803,1611,2412,4218,2
439,06/20/2021 06:00:00 AM,3,6,43,104,287,803,1611,2412,4219,2
440,06/21/2021 06:00:00 AM,3,6,43,104,287,803,1611,2412,4219,2
441,06/22/2021 06:00:00 AM,3,6,43,104,288,804,1612,2415,4221,2
442,06/23/2021 06:00:00 AM,3,6,43,105,288,805,1613,2417,4223,2
443,06/24/2021 06:00:00 AM,3,6,43,106,288,805,1614,2418,4227,2
444,06/25/2021 06:00:00 AM,3,6,43,106,288,805,1615,2418,4227,2
445,06/26/2021 06:00:00 AM,3,6,43,106,288,806,1616,2419,4228,2
446,06/27/2021 06:00:00 AM,3,6,43,106,288,807,1617,2419,4229,2
447,06/28/2021 06:00:00 AM,3,6,43,106,288,807,1618,2419,4230,2
448,06/29/2021 06:00:00 AM,3,6,43,106,288,807,1618,2419,4231,2
449,06/30/2021 06:00:00 AM,3,6,43,106,289,807,1618,2419,4231,2
450,07/01/2021 06:00:00 AM,3,6,43,106,289,807,1619,2419,4233,2
451,07/02/2021 06:00:00 AM,3,6,43,106,289,807,1620,2419,4234,2
452,07/03/2021 06:00:00 AM,3,6,43,106,289,808,1621,2419,4235,2
453,07/04/2021 06:00:00 AM,3,6,43,106,289,808,1621,2419,4235,2
454,07/05/2021 06:00:00 AM,3,6,43,106,289,809,1622,2419,4235,2
455,07/06/2021 06:00:00 AM,3,6,43,106,289,809,1623,2419,4237,2
456,07/07/2021 06:00:00 AM,3,6,43,106,289,809,1623,2420,4237,2
457,07/08/2021 06:00:00 AM,3,6,43,106,290,809,1624,2421,4237,2
458,07/09/2021 06:00:00 AM,3,6,43,106,290,809,1625,2421,4239,2
459,07/10/2021 06:00:00 AM,3,6,43,106,290,809,1625,2422,4239,2
460,07/11/2021 06:00:00 AM,3,6,43,106,290,809,1625,2422,4239,2
461,07/12/2021 06:00:00 AM,3,6,43,106,290,809,1625,2422,4238,2
462,07/13/2021 06:00:00 AM,3,6,43,106,290,809,1625,2423,4241,2
463,07/14/2021 06:00:00 AM,3,6,43,106,290,810,1626,2425,4241,2
464,07/15/2021 06:00:00 AM,3,6,43,107,290,810,1629,2425,4241,2
465,07/16/2021 06:00:00 AM,3,6,43,107,290,810,1631,2426,4243,2
466,07/17/2021 06:00:00 AM,3,6,43,107,290,810,1631,2427,4244,2
467,07/18/2021 06:00:00 AM,3,6,43,107,290,810,1631,2427,4245,2
468,07/19/2021 06:00:00 AM,3,6,43,107,290,811,1631,2427,4245,2
469,07/20/2021 06:00:00 AM,3,6,43,107,290,811,1632,2428,4247,2
470,07/21/2021 06:00:00 AM,3,6,43,108,290,813,1633,2428,4247,2
471,07/22/2021 06:00:00 AM,3,6,44,108,290,814,1633,2428,4251,2
472,07/23/2021 06:00:00 AM,3,6,44,108,290,815,1634,2428,4252,2
473,07/24/2021 06:00:00 AM,3,6,44,108,291,815,1636,2429,4253,2
474,07/25/2021 06:00:00 AM,3,6,44,108,291,815,1637,2429,4253,2
475,07/26/2021 06:00:00 AM,3,6,44,108,291,815,1637,2430,4253,2
476,07/27/2021 06:00:00 AM,3,6,44,108,291,815,1638,2430,4254,2
477,07/28/2021 06:00:00 AM,3,6,44,109,292,816,1638,2430,4254,2
478,07/29/2021 06:00:00 AM,4,6,44,110,292,816,1639,2430,4255,3
479,07/30/2021 06:00:00 AM,4,6,44,109,293,816,1639,2430,4255,3
480,07/31/2021 06:00:00 AM,4,6,45,109,294,816,1641,2431,4257,3
481,08/01/2021 06:00:00 AM,4,6,45,109,294,816,1641,2433,4258,3
482,08/02/2021 06:00:00 AM,4,6,45,109,294,816,1641,2433,4258,3
483,08/03/2021 06:00:00 AM,4,6,45,110,294,817,1644,2434,4259,2
484,08/04/2021 06:00:00 AM,4,6,45,110,294,817,1644,2436,4262,2
485,08/05/2021 06:00:00 AM,4,6,45,110,294,817,1646,2436,4262,2
486,08/06/2021 06:00:00 AM,4,6,45,110,294,818,1647,2437,4263,2
487,08/07/2021 06:00:00 AM,4,6,45,111,294,818,1646,2438,4265,2
488,08/08/2021 06:00:00 AM,4,6,45,112,294,818,1646,2441,4269,2
489,08/09/2021 06:00:00 AM,4,6,45,113,295,818,1646,2443,4269,2
490,08/10/2021 06:00:00 AM,4,6,45,114,295,820,1648,2445,4269,2
491,08/11/2021 06:00:00 AM,4,6,45,114,295,820,1649,2445,4269,2
492,08/12/2021 06:00:00 AM,4,6,45,114,295,821,1649,2447,4269,2
493,08/13/2021 06:00:00 AM,4,6,45,114,295,822,1651,2449,4269,2
494,08/14/2021 06:00:00 AM,4,6,45,115,295,824,1652,2451,4272,2
495,08/15/2021 06:00:00 AM,4,6,45,118,296,824,1652,2451,4272,2
496,08/16/2021 06:00:00 AM,4,6,45,118,296,824,1653,2453,4274,2
497,08/17/2021 06:00:00 AM,4,6,45,118,295,825,1653,2455,4275,2
498,08/18/2021 06:00:00 AM,4,6,46,118,297,827,1653,2457,4276,2
499,08/19/2021 06:00:00 AM,4,6,46,117,298,828,1656,2458,4280,2
500,08/20/2021 06:00:00 AM,4,6,46,117,298,829,1656,2459,4283,3
501,08/21/2021 06:00:00 AM,4,6,46,118,300,833,1657,2463,4287,2
502,08/22/2021 06:00:00 AM,4,6,46,118,301,834,1659,2464,4287,2
503,08/23/2021 06:00:00 AM,4,6,46,118,302,834,1663,2464,4286,3
504,08/24/2021 06:00:00 AM,4,6,46,118,304,837,1662,2466,4289,2
505,08/25/2021 06:00:00 AM,4,6,46,118,306,839,1665,2469,4289,3
506,08/26/2021 06:00:00 AM,4,6,47,118,305,839,1664,2468,4288,2
507,08/27/2021 06:00:00 AM,4,6,47,118,306,839,1664,2470,4291,3
508,08/28/2021 06:00:00 AM,4,6,47,119,306,840,1667,2474,4294,3
509,08/29/2021 06:00:00 AM,4,6,48,119,306,842,1672,2477,4295,3
510,08/30/2021 06:00:00 AM,4,6,48,119,308,844,1674,2477,4298,3
511,08/31/2021 06:00:00 AM,4,6,48,119,309,845,1676,2479,4302,3
512,09/01/2021 06:00:00 AM,4,6,48,120,309,846,1678,2482,4305,3
513,09/02/2021 06:00:00 AM,4,6,48,120,310,849,1681,2486,4310,3
514,09/03/2021 06:00:00 AM,4,6,48,120,309,851,1684,2488,4313,4
515,09/04/2021 06:00:00 AM,4,6,48,121,309,854,1684,2488,4319,4
516,09/05/2021 06:00:00 AM,4,6,48,121,309,856,1689,2490,4323,3
517,09/06/2021 06:00:00 AM,4,6,48,122,309,860,1691,2491,4329,3
518,09/07/2021 06:00:00 AM,4,6,48,123,309,860,1691,2495,4331,3
519,09/08/2021 06:00:00 AM,4,6,48,124,309,862,1693,2502,4340,3
520,09/09/2021 06:00:00 AM,4,6,48,124,312,865,1694,2503,4342,2
521,09/10/2021 06:00:00 AM,4,6,48,124,313,867,1697,2507,4347,2
522,09/11/2021 06:00:00 AM,4,6,48,124,315,871,1701,2510,4354,2
523,09/12/2021 06:00:00 AM,4,6,48,125,316,873,1705,2513,4359,2
524,09/13/2021 06:00:00 AM,4,6,48,125,316,880,1704,2516,4363,2
525,09/14/2021 06:00:00 AM,4,6,48,124,319,884,1705,2521,4366,2
526,09/15/2021 06:00:00 AM,4,6,48,125,319,884,1708,2523,4371,2
527,09/16/2021 06:00:00 AM,4,6,48,125,321,886,1715,2525,4379,2
528,09/17/2021 06:00:00 AM,4,6,48,125,321,888,1718,2528,4383,2
529,09/18/2021 06:00:00 AM,4,6,48,125,323,891,1720,2528,4388,2
530,09/19/2021 06:00:00 AM,4,6,48,125,323,891,1720,2528,4388,2
531,09/20/2021 06:00:00 AM,4,6,48,125,323,891,1720,2528,4388,2
532,09/21/2021 06:00:00 AM,4,6,48,127,328,896,1730,2539,4400,3
533,09/22/2021 06:00:00 AM,4,6,49,127,331,899,1737,2546,4402,3
534,09/23/2021 06:00:00 AM,4,6,49,128,330,901,1738,2552,4410,2
535,09/24/2021 06:00:00 AM,4,6,49,129,331,902,1739,2559,4413,2
536,09/25/2021 06:00:00 AM,4,6,49,129,331,904,1741,2560,4414,2
537,09/26/2021 06:00:00 AM,4,6,49,129,332,909,1743,2562,4419,2
538,09/27/2021 06:00:00 AM,4,6,49,130,332,912,1746,2563,4422,2
539,09/28/2021 06:00:00 AM,4,7,50,130,332,915,1750,2571,4422,2
540,09/29/2021 06:00:00 AM,4,7,50,130,333,919,1753,2573,4425,2
541,09/30/2021 06:00:00 AM,4,7,50,130,335,923,1756,2575,4430,2
542,10/01/2021 06:00:00 AM,4,7,50,130,335,925,1762,2578,4435,3
543,10/02/2021 06:00:00 AM,4,7,50,131,337,928,1763,2582,4438,3
544,10/03/2021 06:00:00 AM,4,7,50,131,337,929,1765,2582,4439,3
545,10/04/2021 06:00:00 AM,4,7,50,133,337,931,1769,2584,4442,3
546,10/05/2021 06:00:00 AM,4,7,50,133,338,934,1772,2589,4452,3
547,10/06/2021 06:00:00 AM,4,7,51,133,340,937,1776,2595,4458,2
548,10/07/2021 06:00:00 AM,4,7,52,134,340,938,1781,2599,4463,2
549,10/08/2021 06:00:00 AM,4,7,52,135,341,939,1781,2602,4470,2
550,10/09/2021 06:00:00 AM,4,7,52,135,342,945,1785,2608,4473,2
551,10/10/2021 06:00:00 AM,4,7,53,135,342,945,1789,2610,4476,2
552,10/11/2021 06:00:00 AM,4,7,53,135,344,947,1789,2612,4477,2
553,10/12/2021 06:00:00 AM,4,7,53,135,346,949,1793,2621,4487,2
554,10/13/2021 06:00:00 AM,4,7,53,136,348,949,1798,2624,4492,2
555,10/14/2021 06:00:00 AM,4,7,53,136,348,955,1801,2627,4499,2
556,10/15/2021 06:00:00 AM,4,7,53,136,351,957,1805,2630,4505,2
557,10/16/2021 06:00:00 AM,4,7,53,136,354,960,1807,2636,4512,2
558,10/17/2021 06:00:00 AM,4,7,53,136,355,960,1810,2636,4513,2
559,10/18/2021 06:00:00 AM,4,7,54,136,357,964,1812,2639,4515,2
560,10/19/2021 06:00:00 AM,4,7,54,137,359,965,1812,2642,4522,2
561,10/20/2021 06:00:00 AM,4,7,54,138,361,966,1816,2651,4527,2
562,10/21/2021 06:00:00 AM,4,7,54,138,362,968,1818,2657,4530,2
563,10/22/2021 06:00:00 AM,4,7,54,138,362,971,1821,2661,4534,2
564,10/23/2021 06:00:00 AM,4,7,54,138,362,976,1823,2665,4534,2
565,10/24/2021 06:00:00 AM,4,7,54,138,364,977,1826,2665,4538,2
566,10/25/2021 06:00:00 AM,4,7,54,138,365,978,1826,2668,4538,2
567,10/26/2021 06:00:00 AM,4,7,54,138,365,978,1828,2673,4547,2
568,10/27/2021 06:00:00 AM,4,7,54,138,365,978,1830,2676,4555,2
569,10/28/2021 06:00:00 AM,4,7,54,138,366,980,1832,2677,4563,2
570,10/29/2021 06:00:00 AM,4,8,54,138,366,981,1834,2677,4570,2
571,10/30/2021 06:00:00 AM,4,8,54,142,368,985,1837,2678,4573,2
572,10/31/2021 06:00:00 AM,4,8,55,143,368,989,1841,2681,4573,2
573,11/01/2021 06:00:00 AM,4,8,55,144,369,992,1843,2685,4575,2
574,11/02/2021 06:00:00 AM,4,8,55,144,371,993,1844,2685,4576,2
575,11/03/2021 06:00:00 AM,4,8,55,144,371,994,1845,2687,4584,2
576,11/04/2021 06:00:00 AM,4,8,55,144,374,994,1848,2688,4591,2
577,11/05/2021 06:00:00 AM,4,8,55,145,375,997,1850,2695,4594,2
578,11/06/2021 06:00:00 AM,4,8,55,145,375,998,1850,2697,4600,2
579,11/07/2021 05:00:00 AM,4,8,55,145,376,1000,1853,2699,4601,2
580,11/08/2021 05:00:00 AM,4,8,55,145,377,1002,1855,2704,4605,2
581,11/09/2021 05:00:00 AM,4,8,55,145,377,1002,1855,2706,4613,3
582,11/10/2021 05:00:00 AM,4,8,55,146,377,1003,1856,2708,4622,4
583,11/11/2021 05:00:00 AM,4,8,55,146,378,1003,1856,2711,4623,4
584,11/12/2021 05:00:00 AM,4,8,55,146,378,1005,1857,2715,4626,4
585,11/13/2021 05:00:00 AM,4,8,55,147,379,1008,1862,2723,4630,2
586,11/14/2021 05:00:00 AM,4,8,55,147,379,1009,1865,2726,4634,2
587,11/15/2021 05:00:00 AM,4,8,55,147,379,1010,1868,2728,4635,2
588,11/16/2021 05:00:00 AM,4,8,55,148,379,1010,1871,2728,4637,3
589,11/17/2021 05:00:00 AM,4,8,55,148,379,1010,1875,2731,4642,2
590,11/18/2021 05:00:00 AM,4,8,55,148,378,1011,1876,2731,4650,2
591,11/19/2021 05:00:00 AM,4,8,55,148,378,1012,1876,2733,4653,2
592,11/20/2021 05:00:00 AM,4,8,55,148,378,1013,1880,2734,4656,2
593,11/21/2021 05:00:00 AM,4,8,56,148,379,1015,1881,2736,4659,2
594,11/22/2021 05:00:00 AM,4,8,56,148,380,1015,1882,2738,4663,2
595,11/23/2021 05:00:00 AM,4,8,56,148,382,1017,1887,2743,4665,2
596,11/24/2021 05:00:00 AM,4,8,56,148,383,1016,1889,2745,4664,2
597,11/25/2021 05:00:00 AM,4,8,56,148,384,1018,1889,2750,4667,2
598,11/26/2021 05:00:00 AM,4,8,56,148,386,1018,1892,2752,4668,2
599,11/27/2021 05:00:00 AM,4,8,56,148,387,1019,1892,2756,4673,2
600,11/28/2021 05:00:00 AM,4,8,56,148,388,1019,1894,2758,4676,2
601,11/29/2021 05:00:00 AM,4,8,56,148,389,1021,1895,2758,4676,2
602,11/30/2021 05:00:00 AM,4,8,57,150,389,1024,1897,2760,4681,3
603,12/01/2021 05:00:00 AM,4,8,58,150,390,1026,1897,2766,4686,2
604,12/02/2021 05:00:00 AM,4,8,57,151,389,1027,1901,2769,4688,2
605,12/03/2021 05:00:00 AM,4,8,57,151,391,1029,1905,2770,4690,2
606,12/04/2021 05:00:00 AM,4,8,57,153,392,1028,1911,2775,4692,2
607,12/05/2021 05:00:00 AM,0,0,0,0,0,0,0,0,0,0
608,12/06/2021 05:00:00 AM,0,0,0,0,0,0,0,0,0,0
609,12/07/2021 05:00:00 AM,0,0,0,0,0,0,0,0,0,0
610,12/08/2021 05:00:00 AM,0,0,0,0,0,0,0,0,0,0
611,12/09/2021 05:00:00 AM,0,0,0,0,0,0,0,0,0,0
612,12/10/2021 05:00:00 AM,0,0,0,0,0,0,0,0,0,0
613,12/11/2021 05:00:00 AM,0,0,0,0,0,0,0,0,0,0
614,12/12/2021 05:00:00 AM,0,0,0,0,0,0,0,0,0,0
615,12/13/2021 05:00:00 AM,0,0,0,0,0,0,0,0,0,0
616,12/14/2021 05:00:00 AM,0,0,0,0,0,0,0,0,0,0
617,12/15/2021 05:00:00 AM,0,0,0,0,0,0,0,0,0,0
618,12/16/2021 05:00:00 AM,0,0,0,0,0,0,0,0,0,0
619,12/17/2021 05:00:00 AM,0,0,0,0,0,0,0,0,0,0
620,12/18/2021 05:00:00 AM,0,0,0,0,0,0,0,0,0,0
621,12/19/2021 05:00:00 AM,0,0,0,0,0,0,0,0,0,0
622,12/20/2021 05:00:00 AM,0,0,0,0,0,0,0,0,0,0
623,12/21/2021 05:00:00 AM,0,0,0,0,0,0,0,0,0,0
624,12/22/2021 05:00:00 AM,0,0,0,0,0,0,0,0,0,0
625,12/23/2021 05:00:00 AM,0,0,0,0,0,0,0,0,0,0
626,12/24/2021 05:00:00 AM,0,0,0,0,0,0,0,0,0,0
627,12/25/2021 05:00:00 AM,0,0,0,0,0,0,0,0,0,0
628,12/26/2021 05:00:00 AM,0,0,0,0,0,0,0,0,0,0
629,12/27/2021 05:00:00 AM,0,0,0,0,0,0,0,0,0,0
630,12/28/2021 05:00:00 AM,4,8,58,159,409,1075,2014,2861,4810,39
631,12/29/2021 05:00:00 AM,4,8,57,160,415,1084,2033,2874,4827,5
632,12/30/2021 05:00:00 AM,4,8,58,161,418,1093,2042,2888,4846,4
633,12/31/2021 05:00:00 AM,4,9,58,164,421,1098,2053,2900,4859,5
634,01/01/2022 05:00:00 AM,4,9,58,163,425,1099,2066,2909,4865,5
635,01/02/2022 05:00:00 AM,4,9,58,164,429,1102,2070,2917,4874,5
636,01/03/2022 05:00:00 AM,4,9,58,164,431,1103,2074,2926,4884,5
637,01/04/2022 05:00:00 AM,4,9,58,165,431,1110,2084,2940,4901,4
638,01/05/2022 05:00:00 AM,4,9,59,166,432,1112,2098,2957,4914,4
639,01/06/2022 05:00:00 AM,4,10,59,166,438,1116,2108,2973,4931,4
640,01/07/2022 05:00:00 AM,4,10,59,167,442,1125,2118,2993,4946,4
641,01/08/2022 05:00:00 AM,4,10,60,170,446,1127,2132,2999,4966,3
642,01/09/2022 05:00:00 AM,4,10,60,174,451,1133,2145,3010,4979,3
643,01/10/2022 05:00:00 AM,4,10,60,175,455,1138,2151,3024,4996,3
644,01/11/2022 05:00:00 AM,4,10,60,176,455,1146,2160,3042,5029,4
645,01/12/2022 05:00:00 AM,4,11,60,176,461,1154,2172,3066,5064,3
646,01/13/2022 05:00:00 AM,4,11,61,176,465,1165,2178,3081,5091,2
647,01/14/2022 05:00:00 AM,4,11,62,178,465,1177,2193,3098,5113,2
648,01/15/2022 05:00:00 AM,4,12,62,180,465,1185,2205,3108,5135,2
649,01/16/2022 05:00:00 AM,4,12,62,181,469,1192,2211,3124,5158,3
650,01/17/2022 05:00:00 AM,4,12,62,181,471,1199,2219,3136,5180,3
651,01/18/2022 05:00:00 AM,4,12,63,182,475,1206,2234,3148,5209,2
652,01/19/2022 05:00:00 AM,4,12,63,184,480,1211,2244,3172,5242,2
653,01/20/2022 05:00:00 AM,4,12,63,184,483,1225,2255,3193,5262,3
654,01/21/2022 05:00:00 AM,4,12,63,185,483,1235,2266,3218,5282,3
655,01/22/2022 05:00:00 AM,4,12,63,187,488,1241,2283,3232,5303,3
656,01/23/2022 05:00:00 AM,4,12,63,188,492,1246,2296,3240,5325,3
657,01/24/2022 05:00:00 AM,4,12,65,190,494,1249,2308,3246,5333,3
658,01/25/2022 05:00:00 AM,4,12,67,191,498,1256,2319,3266,5363,2
659,01/26/2022 05:00:00 AM,5,12,67,192,499,1259,2327,3280,5381,2
660,01/27/2022 05:00:00 AM,5,12,68,192,504,1260,2334,3290,5410,3
661,01/28/2022 05:00:00 AM,5,12,68,193,508,1266,2342,3306,5428,3
662,01/29/2022 05:00:00 AM,5,12,68,194,509,1270,2348,3319,5447,3
663,01/30/2022 05:00:00 AM,5,12,68,195,510,1270,2355,3328,5462,3
664,01/31/2022 05:00:00 AM,5,12,68,195,510,1270,2359,3336,5469,3
665,02/01/2022 05:00:00 AM,5,12,68,195,510,1273,2366,3347,5497,3
666,02/02/2022 05:00:00 AM,5,13,68,195,513,1274,2374,3357,5514,3
667,02/03/2022 05:00:00 AM,5,13,68,195,512,1279,2390,3365,5523,3
668,02/04/2022 05:00:00 AM,5,14,68,196,513,1283,2393,3381,5541,3
669,02/05/2022 05:00:00 AM,5,14,68,197,513,1287,2404,3390,5551,3
670,02/06/2022 05:00:00 AM,5,15,68,198,515,1289,2411,3397,5564,3
671,02/07/2022 05:00:00 AM,5,15,68,198,515,1291,2416,3403,5572,3
672,02/08/2022 05:00:00 AM,5,15,69,198,516,1292,2428,3417,5585,3
673,02/09/2022 05:00:00 AM,5,15,69,198,517,1292,2433,3432,5604,3
674,02/10/2022 05:00:00 AM,5,15,69,202,518,1297,2445,3441,5610,3
675,02/11/2022 05:00:00 AM,5,15,69,202,517,1295,2448,3445,5616,3
676,02/12/2022 05:00:00 AM,5,15,70,202,517,1295,2451,3452,5636,3
677,02/13/2022 05:00:00 AM,5,15,70,202,518,1297,2456,3453,5639,3
678,02/14/2022 05:00:00 AM,5,15,70,202,518,1298,2459,3454,5642,3
679,02/15/2022 05:00:00 AM,5,15,70,201,518,1300,2463,3456,5648,3
680,02/16/2022 05:00:00 AM,5,15,70,201,521,1302,2467,3461,5660,3
681,02/17/2022 05:00:00 AM,5,15,70,202,522,1304,2471,3462,5666,3
682,02/18/2022 05:00:00 AM,5,15,70,202,522,1305,2472,3464,5669,3
683,02/19/2022 05:00:00 AM,5,15,70,203,522,1305,2474,3469,5675,3
684,02/20/2022 05:00:00 AM,5,15,70,204,523,1305,2475,3473,5676,3
685,02/21/2022 05:00:00 AM,5,15,70,204,524,1305,2476,3476,5680,3
686,02/22/2022 05:00:00 AM,5,15,70,204,525,1308,2479,3485,5692,3
687,02/23/2022 05:00:00 AM,5,15,69,204,525,1308,2482,3488,5700,3
688,02/24/2022 05:00:00 AM,5,15,69,204,527,1311,2484,3490,5705,3
689,02/25/2022 05:00:00 AM,5,15,69,205,526,1313,2489,3491,5712,3
690,02/26/2022 05:00:00 AM,5,15,69,206,526,1314,2495,3494,5715,3
691,02/27/2022 05:00:00 AM,5,15,69,206,527,1315,2499,3498,5719,3
692,02/28/2022 05:00:00 AM,5,15,69,206,527,1316,2499,3499,5720,3
693,03/01/2022 05:00:00 AM,5,15,69,207,527,1318,2498,3502,5728,3
694,03/02/2022 05:00:00 AM,5,15,70,207,527,1318,2498,3507,5733,3
695,03/03/2022 05:00:00 AM,5,15,70,207,527,1319,2503,3511,5737,3
696,03/04/2022 05:00:00 AM,5,15,70,207,528,1320,2503,3511,5746,3
697,03/05/2022 05:00:00 AM,5,15,70,207,528,1319,2503,3515,5748,3
698,03/06/2022 05:00:00 AM,5,15,70,208,528,1322,2504,3516,5749,3
699,03/07/2022 05:00:00 AM,5,15,70,207,528,1322,2507,3516,5752,3
700,03/08/2022 05:00:00 AM,5,15,70,208,531,1323,2510,3517,5761,3
701,03/09/2022 05:00:00 AM,5,15,70,208,531,1323,2514,3520,5766,3
702,03/10/2022 05:00:00 AM,5,15,70,208,532,1323,2514,3524,5770,3
703,03/11/2022 05:00:00 AM,5,15,70,208,532,1324,2514,3523,5778,3
704,03/12/2022 05:00:00 AM,5,15,70,209,534,1325,2515,3524,5784,3
705,03/13/2022 06:00:00 AM,5,15,70,209,536,1325,2518,3525,5790,3
706,03/14/2022 06:00:00 AM,5,15,70,209,537,1325,2519,3524,5791,3
707,03/15/2022 06:00:00 AM,5,15,70,209,537,1325,2520,3528,5794,3
708,03/16/2022 06:00:00 AM,5,15,70,209,537,1326,2520,3531,5799,3
709,03/17/2022 06:00:00 AM,5,15,70,209,538,1326,2520,3530,5802,3
710,03/18/2022 06:00:00 AM,5,15,70,209,538,1326,2522,3532,5803,2
711,03/19/2022 06:00:00 AM,5,15,70,209,538,1327,2524,3534,5805,2
712,03/20/2022 06:00:00 AM,5,15,70,209,538,1328,2525,3536,5806,2
713,03/21/2022 06:00:00 AM,5,15,71,209,539,1328,2526,3537,5808,2
714,03/22/2022 06:00:00 AM,5,15,71,209,540,1327,2525,3536,5809,2
715,03/23/2022 06:00:00 AM,5,15,71,209,540,1327,2527,3539,5812,2
716,03/24/2022 06:00:00 AM,5,15,71,209,540,1328,2527,3542,5813,2
717,03/25/2022 06:00:00 AM,5,15,71,209,540,1328,2527,3542,5815,2
718,03/26/2022 06:00:00 AM,5,15,71,209,540,1330,2527,3542,5819,2
719,03/27/2022 06:00:00 AM,5,15,71,209,540,1330,2527,3542,5821,2
720,03/28/2022 06:00:00 AM,5,15,71,209,540,1330,2527,3542,5822,2
721,03/29/2022 06:00:00 AM,5,15,72,209,540,1330,2527,3543,5824,2
722,03/30/2022 06:00:00 AM,5,16,72,210,541,1330,2529,3545,5829,2
723,03/31/2022 06:00:00 AM,5,16,72,210,541,1330,2530,3545,5830,2
724,04/01/2022 06:00:00 AM,5,16,72,210,541,1330,2532,3545,5830,2
725,04/02/2022 06:00:00 AM,5,16,72,211,543,1330,2535,3545,5832,2
726,04/03/2022 06:00:00 AM,5,16,72,211,543,1330,2535,3545,5835,2
727,04/04/2022 06:00:00 AM,5,16,72,212,543,1331,2535,3545,5836,2
728,04/05/2022 06:00:00 AM,5,16,72,212,542,1331,2535,3546,5838,2
729,04/06/2022 06:00:00 AM,5,16,72,212,542,1331,2535,3547,5839,2
730,04/07/2022 06:00:00 AM,5,16,72,212,542,1331,2535,3548,5841,2
731,04/08/2022 06:00:00 AM,5,16,72,212,542,1331,2536,3548,5843,2
732,04/09/2022 06:00:00 AM,,,,,,,,,,0
733,04/10/2022 06:00:00 AM,,,,,,,,,,0
734,04/11/2022 06:00:00 AM,5,16,72,213,542,1331,2537,3549,5846,2
735,04/12/2022 06:00:00 AM,5,16,72,213,542,1332,2538,3553,5848,2
736,04/13/2022 06:00:00 AM,5,16,72,213,542,1332,2540,3554,5851,2
737,04/14/2022 06:00:00 AM,5,16,72,213,543,1332,2540,3555,5853,2
738,04/15/2022 06:00:00 AM,5,16,72,213,543,1333,2541,3556,5853,2
739,04/16/2022 06:00:00 AM,5,16,72,213,543,1333,2541,3557,5855,2
740,04/17/2022 06:00:00 AM,,,,,,,,,,0
741,04/18/2022 06:00:00 AM,,,,,,,,,,0
742,04/19/2022 06:00:00 AM,5,16,73,213,543,1333,2541,3558,5859,2
743,04/20/2022 06:00:00 AM,5,16,73,213,544,1333,2541,3558,5863,2
744,04/21/2022 06:00:00 AM,5,16,73,215,544,1333,2543,3558,5865,2
745,04/22/2022 06:00:00 AM,5,16,73,215,544,1333,2543,3559,5868,2
746,04/23/2022 06:00:00 AM,5,16,73,215,544,1333,2543,3560,5870,2
747,04/24/2022 06:00:00 AM,,,,,,,,,,0
748,04/25/2022 06:00:00 AM,,,,,,,,,,0
749,04/26/2022 06:00:00 AM,5,16,73,215,545,1333,2544,3565,5872,2
750,04/27/2022 06:00:00 AM,5,16,73,215,545,1333,2545,3567,5876,2
751,04/28/2022 06:00:00 AM,5,16,74,216,546,1333,2545,3570,5878,2
752,04/29/2022 06:00:00 AM,5,16,74,217,546,1334,2545,3572,5881,2
753,04/30/2022 06:00:00 AM,5,16,74,216,547,1334,2546,3574,5884,2
754,05/01/2022 06:00:00 AM,,,,,,,,,,0
755,05/02/2022 06:00:00 AM,,,,,,,,,,0
756,05/03/2022 06:00:00 AM,5,16,74,217,546,1335,2547,3581,5890,2
757,05/04/2022 06:00:00 AM,5,16,74,218,546,1335,2547,3581,5891,2
758,05/05/2022 06:00:00 AM,5,16,74,217,546,1335,2549,3579,5894,2
759,05/06/2022 06:00:00 AM,5,17,74,217,546,1335,2550,3579,5896,2
760,05/07/2022 06:00:00 AM,5,17,74,218,546,1335,2550,3581,5902,2
761,05/08/2022 06:00:00 AM,,,,,,,,,,0
762,05/09/2022 06:00:00 AM,,,,,,,,,,0
763,05/10/2022 06:00:00 AM,5,17,74,217,546,1335,2552,3583,5909,2
764,05/11/2022 06:00:00 AM,5,17,74,217,547,1336,2553,3583,5911,2
765,05/12/2022 06:00:00 AM,5,17,74,218,547,1336,2554,3585,5916,2
766,05/13/2022 06:00:00 AM,5,17,74,218,547,1336,2555,3585,5916,2
767,05/14/2022 06:00:00 AM,5,17,74,218,547,1336,2557,3586,5917,2
768,05/15/2022 06:00:00 AM,,,,,,,,,,0
769,05/16/2022 06:00:00 AM,,,,,,,,,,0
770,05/17/2022 06:00:00 AM,6,17,74,218,547,1337,2559,3593,5924,2
771,05/18/2022 06:00:00 AM,6,17,74,218,547,1337,2559,3592,5928,2
772,05/19/2022 06:00:00 AM,6,17,74,218,547,1337,2558,3593,5930,2
773,05/20/2022 06:00:00 AM,6,17,74,218,547,1338,2557,3595,5931,2
774,05/21/2022 06:00:00 AM,6,17,74,218,547,1338,2558,3595,5933,2
775,05/22/2022 06:00:00 AM,,,,,,,,,,0
776,05/23/2022 06:00:00 AM,,,,,,,,,,0
777,05/24/2022 06:00:00 AM,6,17,74,218,547,1338,2559,3598,5943,2
778,05/25/2022 06:00:00 AM,6,17,74,218,547,1339,2560,3601,5950,2
779,05/26/2022 06:00:00 AM,6,17,74,218,548,1340,2563,3602,5955,2
780,05/27/2022 06:00:00 AM,6,17,74,218,548,1340,2564,3601,5957,2
781,05/28/2022 06:00:00 AM,6,17,74,218,548,1340,2565,3602,5958,2
782,05/29/2022 06:00:00 AM,,,,,,,,,,0
783,05/30/2022 06:00:00 AM,,,,,,,,,,0
784,05/31/2022 06:00:00 AM,,,,,,,,,,0
785,06/01/2022 06:00:00 AM,6,17,74,219,548,1341,2569,3602,5968,2
786,06/02/2022 06:00:00 AM,6,17,74,219,548,1341,2570,3606,5970,2
787,06/03/2022 06:00:00 AM,6,17,75,219,548,1342,2571,3609,5973,2
788,06/04/2022 06:00:00 AM,6,17,75,219,548,1342,2571,3611,5976,2
789,06/05/2022 06:00:00 AM,,,,,,,,,,0
790,06/06/2022 06:00:00 AM,,,,,,,,,,0
791,06/07/2022 06:00:00 AM,6,17,77,219,550,1342,2572,3617,5982,2
792,06/08/2022 06:00:00 AM,6,17,77,219,550,1341,2572,3618,5985,2
793,06/09/2022 06:00:00 AM,6,17,77,219,550,1341,2574,3620,5987,2
794,06/10/2022 06:00:00 AM,6,17,77,219,550,1341,2577,3621,5994,2
795,06/11/2022 06:00:00 AM,6,17,77,219,550,1341,2579,3622,5998,2
796,06/12/2022 06:00:00 AM,,,,,,,,,,0
797,06/13/2022 06:00:00 AM,,,,,,,,,,0
798,06/14/2022 06:00:00 AM,6,17,77,219,550,1341,2583,3625,6007,2
799,06/15/2022 06:00:00 AM,6,17,77,219,550,1341,2585,3626,6012,2
800,06/16/2022 06:00:00 AM,6,17,77,219,550,1341,2589,3628,6015,2
801,06/17/2022 06:00:00 AM,6,17,77,220,552,1343,2591,3628,6016,2
802,06/18/2022 06:00:00 AM,6,17,77,220,552,1343,2593,3631,6021,2
803,06/19/2022 06:00:00 AM,,,,,,,,,,0
804,06/20/2022 06:00:00 AM,,,,,,,,,,0
805,06/21/2022 06:00:00 AM,,,,,,,,,,0
806,06/22/2022 06:00:00 AM,6,17,77,220,553,1345,2597,3635,6033,2
807,06/23/2022 06:00:00 AM,6,17,77,220,553,1346,2596,3635,6037,2
808,06/24/2022 06:00:00 AM,6,17,77,220,553,1346,2598,3637,6037,2
809,06/25/2022 06:00:00 AM,6,17,77,220,553,1347,2598,3638,6040,2
810,06/26/2022 06:00:00 AM,,,,,,,,,,0
811,06/27/2022 06:00:00 AM,,,,,,,,,,0
812,06/28/2022 06:00:00 AM,6,17,77,220,553,1348,2600,3641,6047,2
813,06/29/2022 06:00:00 AM,6,17,77,220,553,1349,2601,3642,6050,2
814,06/30/2022 06:00:00 AM,6,17,77,220,553,1349,2602,3644,6052,2
815,07/01/2022 06:00:00 AM,6,17,77,220,553,1349,2603,3643,6057,2
816,07/02/2022 06:00:00 AM,6,17,77,220,553,1349,2603,3645,6066,2
817,07/03/2022 06:00:00 AM,,,,,,,,,,0
818,07/04/2022 06:00:00 AM,,,,,,,,,,0
819,07/05/2022 06:00:00 AM,,,,,,,,,,0
820,07/06/2022 06:00:00 AM,6,17,78,221,554,1351,2605,3647,6078,2
821,07/07/2022 06:00:00 AM,6,18,78,221,554,1351,2605,3647,6079,2
822,07/08/2022 06:00:00 AM,6,18,78,221,554,1351,2605,3649,6084,2
823,07/09/2022 06:00:00 AM,6,18,78,221,554,1351,2605,3649,6087,2
824,07/10/2022 06:00:00 AM,,,,,,,,,,0
825,07/11/2022 06:00:00 AM,,,,,,,,,,0
826,07/12/2022 06:00:00 AM,6,18,78,221,554,1351,2606,3653,6096,2
827,07/13/2022 06:00:00 AM,7,18,78,221,554,1352,2608,3656,6098,2
828,07/14/2022 06:00:00 AM,7,18,78,221,555,1352,2608,3658,6100,2
829,07/15/2022 06:00:00 AM,7,18,78,221,555,1355,2608,3658,6107,2
830,07/16/2022 06:00:00 AM,7,18,78,221,556,1354,2609,3658,6111,2
831,07/17/2022 06:00:00 AM,,,,,,,,,,0
832,07/18/2022 06:00:00 AM,,,,,,,,,,0
833,07/19/2022 06:00:00 AM,7,18,78,221,556,1354,2613,3663,6115,2
834,07/20/2022 06:00:00 AM,7,18,78,221,556,1354,2612,3662,6119,2
835,07/21/2022 06:00:00 AM,7,18,78,222,556,1354,2611,3666,6122,2
836,07/22/2022 06:00:00 AM,7,18,78,222,556,1355,2614,3668,6124,2
837,07/23/2022 06:00:00 AM,7,18,78,222,556,1355,2615,3671,6127,2
838,07/24/2022 06:00:00 AM,,,,,,,,,,0
839,07/25/2022 06:00:00 AM,,,,,,,,,,0
840,07/26/2022 06:00:00 AM,7,18,78,222,556,1359,2619,3672,6140,2
841,07/27/2022 06:00:00 AM,8,18,78,223,556,1362,2619,3677,6150,2
842,07/28/2022 06:00:00 AM,8,18,78,223,556,1362,2623,3679,6155,2
843,07/29/2022 06:00:00 AM,8,18,78,223,556,1363,2622,3679,6155,2
844,07/30/2022 06:00:00 AM,8,18,78,223,556,1362,2622,3684,6162,2
845,07/31/2022 06:00:00 AM,,,,,,,,,,0
846,08/01/2022 06:00:00 AM,,,,,,,,,,0
847,08/02/2022 06:00:00 AM,8,18,78,223,556,1362,2623,3686,6170,2
848,08/03/2022 06:00:00 AM,8,18,78,223,556,1362,2625,3691,6174,2
849,08/04/2022 06:00:00 AM,8,18,78,223,556,1362,2625,3691,6174,2
850,08/05/2022 06:00:00 AM,8,18,78,223,557,1363,2626,3691,6176,2
851,08/06/2022 06:00:00 AM,8,18,78,223,557,1364,2626,3692,6178,2
852,08/07/2022 06:00:00 AM,,,,,,,,,,0
853,08/08/2022 06:00:00 AM,,,,,,,,,,0
854,08/09/2022 06:00:00 AM,8,18,78,225,559,1363,2627,3694,6187,2
855,08/10/2022 06:00:00 AM,8,18,78,225,559,1363,2628,3696,6195,2
856,08/11/2022 06:00:00 AM,8,18,78,225,559,1363,2630,3701,6200,2
857,08/12/2022 06:00:00 AM,8,18,78,225,559,1363,2631,3703,6203,2
858,08/13/2022 06:00:00 AM,8,18,78,225,560,1363,2631,3704,6205,2
859,08/14/2022 06:00:00 AM,,,,,,,,,,0
860,08/15/2022 06:00:00 AM,,,,,,,,,,0
861,08/16/2022 06:00:00 AM,8,18,78,226,562,1363,2633,3710,6214,3
862,08/17/2022 06:00:00 AM,8,18,78,226,562,1364,2634,3711,6220,3
863,08/18/2022 06:00:00 AM,8,18,78,226,562,1364,2636,3714,6223,3
864,08/19/2022 06:00:00 AM,8,18,78,226,562,1364,2637,3717,6225,3
865,08/20/2022 06:00:00 AM,8,18,78,226,562,1365,2638,3722,6225,3
866,08/21/2022 06:00:00 AM,,,,,,,,,,0
867,08/22/2022 06:00:00 AM,,,,,,,,,,0
868,08/23/2022 06:00:00 AM,8,18,78,225,562,1366,2637,3728,6233,2
869,08/24/2022 06:00:00 AM,8,18,78,225,562,1366,2639,3730,6237,2
870,08/25/2022 06:00:00 AM,8,18,78,225,562,1366,2639,3730,6248,2
871,08/26/2022 06:00:00 AM,8,18,78,225,562,1367,2640,3733,6249,2
872,08/27/2022 06:00:00 AM,8,18,78,225,563,1367,2640,3736,6253,2
873,08/28/2022 06:00:00 AM,,,,,,,,,,0
874,08/29/2022 06:00:00 AM,,,,,,,,,,0
875,08/30/2022 06:00:00 AM,8,18,78,225,564,1369,2643,3738,6261,2
876,08/31/2022 06:00:00 AM,8,18,78,225,564,1371,2644,3741,6268,2
877,09/01/2022 06:00:00 AM,8,18,78,225,564,1371,2644,3741,6274,2
878,09/02/2022 06:00:00 AM,8,18,78,225,564,1371,2644,3743,6277,2
879,09/03/2022 06:00:00 AM,8,18,78,225,565,1371,2645,3744,6281,2
880,09/04/2022 06:00:00 AM,,,,,,,,,,0
881,09/05/2022 06:00:00 AM,,,,,,,,,,0
882,09/06/2022 06:00:00 AM,,,,,,,,,,0
883,09/07/2022 06:00:00 AM,8,18,78,225,565,1371,2648,3748,6294,2
884,09/08/2022 06:00:00 AM,8,18,78,225,565,1371,2649,3749,6299,2
885,09/09/2022 06:00:00 AM,8,18,79,225,565,1372,2649,3751,6308,2
886,09/10/2022 06:00:00 AM,8,18,79,225,565,1373,2650,3755,6311,2
887,09/11/2022 06:00:00 AM,,,,,,,,,,0
888,09/12/2022 06:00:00 AM,,,,,,,,,,0
889,09/13/2022 06:00:00 AM,8,18,80,225,565,1373,2654,3759,6319,2
890,09/14/2022 06:00:00 AM,8,18,81,225,565,1373,2654,3761,6327,2
891,09/15/2022 06:00:00 AM,8,18,81,225,565,1375,2655,3764,6330,2
892,09/16/2022 06:00:00 AM,8,18,81,226,566,1375,2656,3766,6332,2
893,09/17/2022 06:00:00 AM,8,18,81,226,566,1375,2656,3772,6336,2
894,09/18/2022 06:00:00 AM,,,,,,,,,,0
895,09/19/2022 06:00:00 AM,,,,,,,,,,0
896,09/20/2022 06:00:00 AM,8,18,81,226,568,1376,2657,3779,6343,2
897,09/21/2022 06:00:00 AM,8,18,81,226,568,1377,2658,3780,6351,2
898,09/22/2022 06:00:00 AM,8,18,81,226,568,1376,2658,3782,6357,2
899,09/23/2022 06:00:00 AM,8,18,81,227,568,1377,2659,3781,6359,2
900,09/24/2022 06:00:00 AM,8,18,81,227,569,1377,2660,3781,6366,2
901,09/25/2022 06:00:00 AM,,,,,,,,,,0
902,09/26/2022 06:00:00 AM,,,,,,,,,,0
903,09/27/2022 06:00:00 AM,8,18,81,227,569,1377,2663,3782,6378,2
904,09/28/2022 06:00:00 AM,8,18,81,227,569,1378,2664,3786,6382,2
905,09/29/2022 06:00:00 AM,8,18,81,227,569,1378,2664,3786,6386,2
906,09/30/2022 06:00:00 AM,8,18,81,227,569,1378,2664,3787,6393,2
907,10/01/2022 06:00:00 AM,8,18,80,227,570,1378,2667,3787,6393,2
908,10/02/2022 06:00:00 AM,,,,,,,,,,0
909,10/03/2022 06:00:00 AM,,,,,,,,,,0
910,10/04/2022 06:00:00 AM,8,18,80,227,570,1379,2669,3790,6397,2
911,10/05/2022 06:00:00 AM,8,18,80,227,570,1379,2670,3792,6400,2
912,10/06/2022 06:00:00 AM,8,18,80,227,570,1379,2670,3792,6401,2
913,10/07/2022 06:00:00 AM,8,18,80,227,570,1379,2671,3793,6403,2
914,10/08/2022 06:00:00 AM,8,18,80,227,570,1379,2671,3794,6406,2
915,10/09/2022 06:00:00 AM,,,,,,,,,,0
916,10/10/2022 06:00:00 AM,,,,,,,,,,0
917,10/11/2022 06:00:00 AM,,,,,,,,,,0
918,10/12/2022 06:00:00 AM,9,18,80,227,570,1380,2677,3797,6422,3
919,10/13/2022 06:00:00 AM,9,18,80,227,570,1381,2678,3801,6426,2
920,10/14/2022 06:00:00 AM,10,18,80,227,570,1381,2678,3801,6430,2
921,10/15/2022 06:00:00 AM,10,18,80,227,570,1382,2678,3805,6434,2
922,10/16/2022 06:00:00 AM,,,,,,,,,,0
923,10/17/2022 06:00:00 AM,,,,,,,,,,0
924,10/18/2022 06:00:00 AM,8,18,80,227,570,1383,2678,3808,6447,2
925,10/19/2022 06:00:00 AM,8,18,80,227,570,1383,2678,3810,6448,2
926,10/20/2022 06:00:00 AM,8,18,80,227,570,1383,2678,3810,6450,2
927,10/21/2022 06:00:00 AM,8,18,80,227,570,1383,2679,3810,6455,2
928,10/22/2022 06:00:00 AM,8,18,80,227,570,1384,2680,3810,6460,2
929,10/23/2022 06:00:00 AM,,,,,,,,,,0
930,10/24/2022 06:00:00 AM,,,,,,,,,,0
931,10/25/2022 06:00:00 AM,8,18,80,227,571,1384,2682,3815,6469,2
932,10/26/2022 06:00:00 AM,8,18,80,227,571,1384,2682,3815,6470,2
933,10/27/2022 06:00:00 AM,8,18,80,227,571,1384,2683,3817,6475,2
934,10/28/2022 06:00:00 AM,8,18,80,227,571,1386,2684,3818,6482,2
935,10/29/2022 06:00:00 AM,8,18,80,227,571,1387,2684,3821,6486,2
936,10/30/2022 06:00:00 AM,,,,,,,,,,0
937,10/31/2022 06:00:00 AM,,,,,,,,,,0
938,11/01/2022 06:00:00 AM,8,18,80,227,571,1387,2685,3823,6492,2
939,11/02/2022 06:00:00 AM,8,18,80,227,571,1388,2686,3828,6496,2
940,11/03/2022 06:00:00 AM,8,18,80,227,571,1388,2688,3830,6499,2
941,11/04/2022 06:00:00 AM,8,18,80,227,571,1388,2689,3831,6504,2
942,11/05/2022 06:00:00 AM,8,18,80,227,572,1388,2688,3831,6505,2
943,11/06/2022 05:00:00 AM,,,,,,,,,,0
944,11/07/2022 05:00:00 AM,,,,,,,,,,0
945,11/08/2022 05:00:00 AM,8,18,80,227,572,1388,2689,3836,6509,2
946,11/09/2022 05:00:00 AM,,,,,,,,,,0
947,11/10/2022 05:00:00 AM,8,18,80,227,573,1387,2692,3838,6514,2
948,11/11/2022 05:00:00 AM,8,18,80,227,573,1387,2693,3839,6517,2
949,11/12/2022 05:00:00 AM,,,,,,,,,,0
950,11/13/2022 05:00:00 AM,,,,,,,,,,0
951,11/14/2022 05:00:00 AM,,,,,,,,,,0
952,11/15/2022 05:00:00 AM,8,18,81,227,573,1389,2696,3845,6530,2
953,11/16/2022 05:00:00 AM,8,18,81,227,573,1389,2697,3847,6535,2
954,11/17/2022 05:00:00 AM,8,18,81,227,573,1389,2697,3848,6539,2
955,11/18/2022 05:00:00 AM,8,18,81,227,573,1390,2698,3848,6540,2
956,11/19/2022 05:00:00 AM,8,18,81,227,573,1390,2699,3849,6546,2
957,11/20/2022 05:00:00 AM,,,,,,,,,,0
958,11/21/2022 05:00:00 AM,,,,,,,,,,0
959,11/22/2022 05:00:00 AM,9,18,81,227,573,1390,2703,3854,6554,2
960,11/23/2022 05:00:00 AM,9,18,81,227,573,1390,2703,3854,6559,2
961,11/24/2022 05:00:00 AM,9,18,81,227,573,1390,2705,3857,6565,2
962,11/25/2022 05:00:00 AM,,,,,,,,,,0
963,11/26/2022 05:00:00 AM,,,,,,,,,,0
964,11/27/2022 05:00:00 AM,,,,,,,,,,0
965,11/28/2022 05:00:00 AM,,,,,,,,,,0
966,11/29/2022 05:00:00 AM,9,18,81,227,573,1390,2707,3869,6574,2
967,11/30/2022 05:00:00 AM,9,18,81,227,573,1390,2707,3869,6584,2
968,12/01/2022 05:00:00 AM,9,18,81,227,573,1391,2708,3871,6591,2
969,12/02/2022 05:00:00 AM,9,18,81,227,573,1391,2709,3872,6592,2
970,12/03/2022 05:00:00 AM,9,18,81,227,573,1392,2709,3873,6598,2
971,12/04/2022 05:00:00 AM,,,,,,,,,,0
972,12/05/2022 05:00:00 AM,,,,,,,,,,0
973,12/06/2022 05:00:00 AM,9,18,81,227,573,1393,2710,3876,6612,2
974,12/07/2022 05:00:00 AM,9,18,81,227,574,1392,2710,3880,6618,2
975,12/08/2022 05:00:00 AM,9,18,81,227,574,1392,2710,3881,6624,2
976,12/09/2022 05:00:00 AM,9,18,81,227,574,1393,2710,3885,6627,2
977,12/10/2022 05:00:00 AM,9,18,81,227,575,1393,2711,3889,6629,2
978,12/11/2022 05:00:00 AM,,,,,,,,,,0
979,12/12/2022 05:00:00 AM,,,,,,,,,,0
980,12/13/2022 05:00:00 AM,9,18,81,227,575,1394,2716,3893,6636,2
981,12/14/2022 05:00:00 AM,9,18,81,227,575,1394,2717,3895,6638,2
982,12/15/2022 05:00:00 AM,9,18,81,227,575,1394,2718,3899,6644,2
983,12/16/2022 05:00:00 AM,9,18,81,227,575,1394,2718,3903,6648,2
984,12/17/2022 05:00:00 AM,9,18,81,227,575,1394,2718,3904,6649,2
985,12/18/2022 05:00:00 AM,,,,,,,,,,0
986,12/19/2022 05:00:00 AM,,,,,,,,,,0
987,12/20/2022 05:00:00 AM,9,18,81,227,576,1396,2719,3911,6666,2
988,12/21/2022 05:00:00 AM,9,18,81,227,576,1396,2719,3913,6673,2
989,12/22/2022 05:00:00 AM,9,18,81,227,576,1396,2719,3914,6682,2
990,12/23/2022 05:00:00 AM,9,18,81,227,577,1396,2719,3915,6687,2
991,12/24/2022 05:00:00 AM,,,,,,,,,,0
992,12/25/2022 05:00:00 AM,,,,,,,,,,0
993,12/26/2022 05:00:00 AM,,,,,,,,,,0
994,12/27/2022 05:00:00 AM,,,,,,,,,,0
995,12/28/2022 05:00:00 AM,9,18,81,227,578,1399,2723,3921,6706,2
996,12/29/2022 05:00:00 AM,9,18,81,227,578,1400,2725,3925,6713,2
997,12/30/2022 05:00:00 AM,9,18,81,227,578,1400,2726,3928,6722,2
998,12/31/2022 05:00:00 AM,9,18,81,228,578,1401,2726,3930,6724,2
999,01/01/2023 05:00:00 AM,,,,,,,,,,0
1000,01/02/2023 05:00:00 AM,,,,,,,,,,0
1001,01/03/2023 05:00:00 AM,,,,,,,,,,0
1002,01/04/2023 05:00:00 AM,9,18,81,228,578,1402,2733,3940,6741,2
1003,01/05/2023 05:00:00 AM,9,18,81,228,578,1402,2737,3945,6749,2
1004,01/06/2023 05:00:00 AM,9,18,81,228,578,1402,2738,3945,6761,2
1005,01/07/2023 05:00:00 AM,9,18,81,228,578,1402,2739,3948,6768,2
1006,01/08/2023 05:00:00 AM,,,,,,,,,,0
1007,01/09/2023 05:00:00 AM,,,,,,,,,,0
1008,01/10/2023 05:00:00 AM,9,18,83,228,578,1403,2739,3956,6784,2
1009,01/11/2023 05:00:00 AM,9,18,83,228,578,1404,2740,3960,6787,2
1010,01/12/2023 05:00:00 AM,9,18,83,228,578,1404,2740,3964,6790,2
1011,01/13/2023 05:00:00 AM,9,18,83,228,578,1404,2741,3968,6798,2
1012,01/14/2023 05:00:00 AM,9,18,83,228,578,1404,2743,3970,6808,2
1013,01/15/2023 05:00:00 AM,,,,,,,,,,0
1014,01/16/2023 05:00:00 AM,,,,,,,,,,0
1015,01/17/2023 05:00:00 AM,,,,,,,,,,0
1016,01/18/2023 05:00:00 AM,9,18,83,228,578,1405,2747,3980,6832,2
1017,01/19/2023 05:00:00 AM,9,18,83,228,579,1408,2747,3982,6833,2
1018,01/20/2023 05:00:00 AM,9,18,83,228,579,1409,2748,3983,6839,2
1019,01/21/2023 05:00:00 AM,9,18,83,228,580,1410,2748,3988,6850,2
1020,01/22/2023 05:00:00 AM,,,,,,,,,,0
1021,01/23/2023 05:00:00 AM,,,,,,,,,,0
1022,01/24/2023 05:00:00 AM,9,18,83,229,580,1410,2749,3993,6867,2
1023,01/25/2023 05:00:00 AM,9,18,83,229,580,1411,2749,3995,6871,2
1024,01/26/2023 05:00:00 AM,9,18,83,229,580,1411,2751,3996,6873,2
1025,01/27/2023 05:00:00 AM,9,18,83,229,580,1411,2752,3998,6879,3
1026,01/28/2023 05:00:00 AM,9,18,83,229,580,1412,2753,4000,6885,2
1027,01/29/2023 05:00:00 AM,,,,,,,,,,0
1028,01/30/2023 05:00:00 AM,,,,,,,,,,0
1029,01/31/2023 05:00:00 AM,9,18,83,231,580,1412,2756,4002,6894,2
1030,02/01/2023 05:00:00 AM,9,18,83,231,580,1412,2759,4003,6903,2
1031,02/02/2023 05:00:00 AM,9,18,83,231,580,1412,2763,4005,6909,2
1032,02/03/2023 05:00:00 AM,9,18,83,231,580,1412,2765,4006,6915,2
1033,02/04/2023 05:00:00 AM,9,18,83,231,580,1412,2768,4009,6923,2
1034,02/05/2023 05:00:00 AM,,,,,,,,,,0
1035,02/06/2023 05:00:00 AM,,,,,,,,,,0
1036,02/07/2023 05:00:00 AM,9,18,83,232,581,1412,2771,4012,6934,2
1037,02/08/2023 05:00:00 AM,9,18,83,232,581,1412,2773,4014,6938,2
1038,02/09/2023 05:00:00 AM,9,18,83,232,581,1412,2773,4017,6941,2
1039,02/10/2023 05:00:00 AM,9,18,83,232,581,1414,2774,4022,6943,2
1040,02/11/2023 05:00:00 AM,9,18,83,232,581,1415,2774,4021,6949,2
1041,02/12/2023 05:00:00 AM,,,,,,,,,,0
1042,02/13/2023 05:00:00 AM,,,,,,,,,,0
1043,02/14/2023 05:00:00 AM,9,18,83,232,581,1416,2775,4028,6966,2
1044,02/15/2023 05:00:00 AM,10,18,83,232,581,1416,2775,4028,6973,2
1045,02/16/2023 05:00:00 AM,10,18,83,232,581,1416,2776,4029,6975,2
1046,02/17/2023 05:00:00 AM,10,18,83,232,581,1416,2777,4029,6984,2
1047,02/18/2023 05:00:00 AM,10,18,83,232,581,1416,2777,4029,6987,2
1048,02/19/2023 05:00:00 AM,,,,,,,,,,0
1049,02/20/2023 05:00:00 AM,,,,,,,,,,0
1050,02/21/2023 05:00:00 AM,,,,,,,,,,0
1051,02/22/2023 05:00:00 AM,10,18,83,234,581,1417,2778,4035,7004,2
1052,02/23/2023 05:00:00 AM,10,18,83,234,581,1418,2778,4035,7005,2
1053,02/24/2023 05:00:00 AM,10,18,83,234,581,1419,2781,4035,7008,3
1054,02/25/2023 05:00:00 AM,10,18,83,234,581,1420,2783,4039,7011,3
1055,02/26/2023 05:00:00 AM,,,,,,,,,,0
1056,02/27/2023 05:00:00 AM,,,,,,,,,,0
1057,02/28/2023 05:00:00 AM,10,18,83,234,581,1421,2786,4042,7022,2
1058,03/01/2023 05:00:00 AM,10,18,83,234,581,1421,2786,4047,7030,2
1059,03/02/2023 05:00:00 AM,10,18,83,235,582,1421,2787,4049,7036,2
1060,03/03/2023 05:00:00 AM,10,18,83,235,583,1421,2787,4049,7041,2
1061,03/04/2023 05:00:00 AM,10,18,83,235,583,1422,2792,4051,7040,2
1062,03/05/2023 05:00:00 AM,,,,,,,,,,0
1063,03/06/2023 05:00:00 AM,,,,,,,,,,0
1064,03/07/2023 05:00:00 AM,10,18,83,235,583,1424,2790,4055,7050,2
1065,03/08/2023 05:00:00 AM,10,18,83,235,584,1424,2792,4056,7054,2
1066,03/09/2023 05:00:00 AM,10,18,83,235,584,1424,2792,4060,7059,2
1067,03/10/2023 05:00:00 AM,10,18,83,236,584,1424,2795,4059,7060,2
1068,03/11/2023 05:00:00 AM,10,18,84,236,584,1424,2794,4062,7062,2
1069,03/12/2023 06:00:00 AM,,,,,,,,,,0
1070,03/13/2023 06:00:00 AM,,,,,,,,,,0
1071,03/14/2023 06:00:00 AM,10,18,84,236,585,1424,2798,4062,7071,2
1072,03/15/2023 06:00:00 AM,10,18,84,236,585,1424,2799,4061,7074,2
1073,03/16/2023 06:00:00 AM,10,18,84,236,585,1424,2799,4062,7078,2
1074,03/17/2023 06:00:00 AM,10,18,84,236,585,1425,2799,4064,7083,2
1075,03/18/2023 06:00:00 AM,10,18,84,236,586,1426,2800,4064,7083,2
1076,03/19/2023 06:00:00 AM,,,,,,,,,,0
1077,03/20/2023 06:00:00 AM,,,,,,,,,,0
1078,03/21/2023 06:00:00 AM,10,18,84,236,586,1426,2801,4070,7085,2
1079,03/22/2023 06:00:00 AM,10,18,84,236,586,1426,2801,4071,7092,2
1080,03/23/2023 06:00:00 AM,10,18,84,236,585,1426,2801,4071,7097,2
1081,03/24/2023 06:00:00 AM,10,18,84,236,585,1427,2801,4071,7099,2
1082,03/25/2023 06:00:00 AM,10,18,84,236,585,1428,2801,4074,7098,2
1083,03/26/2023 06:00:00 AM,,,,,,,,,,0
1084,03/27/2023 06:00:00 AM,,,,,,,,,,0
1085,03/28/2023 06:00:00 AM,10,18,84,236,585,1428,2803,4075,7107,2
1086,03/29/2023 06:00:00 AM,10,18,84,236,585,1428,2805,4077,7107,2
1087,03/30/2023 06:00:00 AM,11,18,84,236,585,1430,2805,4078,7108,2
1088,03/31/2023 06:00:00 AM,11,18,84,236,585,1430,2806,4078,7109,2
1089,04/01/2023 06:00:00 AM,11,18,84,236,585,1430,2807,4079,7111,2
1090,04/02/2023 06:00:00 AM,,,,,,,,,,0
1091,04/03/2023 06:00:00 AM,,,,,,,,,,0
1092,04/04/2023 06:00:00 AM,11,18,84,236,585,1430,2809,4080,7119,3
1093,04/05/2023 06:00:00 AM,11,18,84,236,585,1430,2809,4081,7118,3
1094,04/06/2023 06:00:00 AM,11,18,84,236,585,1430,2810,4081,7120,2
1095,04/07/2023 06:00:00 AM,11,18,84,236,585,1431,2811,4081,7124,2
1096,04/08/2023 06:00:00 AM,11,18,84,236,585,1431,2810,4081,7128,2
1097,04/09/2023 06:00:00 AM,,,,,,,,,,0
1098,04/10/2023 06:00:00 AM,,,,,,,,,,0
1099,04/11/2023 06:00:00 AM,11,18,84,236,586,1432,2813,4083,7128,2
1100,04/12/2023 06:00:00 AM,11,18,84,236,586,1432,2813,4085,7133,2
1101,04/13/2023 06:00:00 AM,11,18,84,236,586,1432,2816,4085,7134,2
1102,04/14/2023 06:00:00 AM,11,18,84,236,586,1432,2816,4085,7138,2
1103,04/15/2023 06:00:00 AM,11,18,84,236,586,1432,2816,4088,7138,2
1104,04/16/2023 06:00:00 AM,,,,,,,,,,0
1105,04/17/2023 06:00:00 AM,,,,,,,,,,0
1106,04/18/2023 06:00:00 AM,11,18,84,236,586,1432,2817,4089,7142,2
1107,04/19/2023 06:00:00 AM,11,18,84,236,586,1432,2818,4090,7145,2
1108,04/20/2023 06:00:00 AM,11,18,84,236,586,1432,2819,4090,7147,2
1109,04/21/2023 06:00:00 AM,11,18,84,236,586,1432,2819,4090,7147,2
1110,04/22/2023 06:00:00 AM,11,18,84,236,586,1432,2819,4090,7148,2
1111,04/23/2023 06:00:00 AM,,,,,,,,,,0
1112,04/24/2023 06:00:00 AM,,,,,,,,,,0
1113,04/25/2023 06:00:00 AM,11,18,84,236,586,1432,2820,4091,7149,2
1114,04/26/2023 06:00:00 AM,11,18,84,236,586,1432,2823,4091,7150,2
1115,04/27/2023 06:00:00 AM,11,18,84,236,586,1432,2823,4091,7152,2
1116,04/28/2023 06:00:00 AM,11,18,84,236,586,1432,2823,4092,7155,2
1117,04/29/2023 06:00:00 AM,11,18,84,236,586,1432,2823,4093,7159,2
1118,04/30/2023 06:00:00 AM,,,,,,,,,,0
1119,05/01/2023 06:00:00 AM,,,,,,,,,,0
1120,05/02/2023 06:00:00 AM,11,18,84,236,586,1432,2824,4095,7162,2
1121,05/03/2023 06:00:00 AM,11,18,84,236,586,1433,2824,4096,7163,2
1122,05/04/2023 06:00:00 AM,11,18,84,236,586,1433,2824,4096,7163,2
1123,05/05/2023 06:00:00 AM,11,18,84,236,586,1433,2824,4096,7165,2
1124,05/06/2023 06:00:00 AM,11,18,84,236,586,1433,2825,4097,7165,2
1125,05/07/2023 06:00:00 AM,,,,,,,,,,0
1126,05/08/2023 06:00:00 AM,,,,,,,,,,0
1127,05/09/2023 06:00:00 AM,11,18,84,236,586,1435,2825,4098,7167,2
1128,05/10/2023 06:00:00 AM,12,18,84,236,586,1435,2824,4100,7167,2
1129,05/11/2023 06:00:00 AM,12,18,84,236,586,1435,2825,4099,7166,2
1130,05/12/2023 06:00:00 AM,12,18,84,236,586,1435,2825,4099,7167,2
1131,05/13/2023 06:00:00 AM,12,18,84,236,586,1435,2825,4099,7168,2
1132,05/14/2023 06:00:00 AM,,,,,,,,,,0
1133,05/15/2023 06:00:00 AM,,,,,,,,,,0
1134,05/16/2023 06:00:00 AM,12,18,84,236,586,1435,2826,4100,7170,2
1135,05/17/2023 06:00:00 AM,12,18,84,236,586,1436,2826,4100,7172,2
1136,05/18/2023 06:00:00 AM,12,18,84,236,586,1436,2826,4100,7172,2
1137,05/19/2023 06:00:00 AM,12,18,84,236,586,1436,2827,4100,7172,2
1138,05/20/2023 06:00:00 AM,12,18,84,236,586,1436,2827,4100,7174,2
1139,05/21/2023 06:00:00 AM,,,,,,,,,,0
1140,05/22/2023 06:00:00 AM,,,,,,,,,,0
1141,05/23/2023 06:00:00 AM,12,18,84,236,586,1436,2827,4102,7177,2
1142,05/24/2023 06:00:00 AM,12,18,84,236,586,1436,2828,4102,7178,2
1143,05/25/2023 06:00:00 AM,12,18,84,236,586,1436,2828,4102,7178,2
1144,05/26/2023 06:00:00 AM,12,18,84,236,586,1436,2828,4102,7179,2
1145,05/27/2023 06:00:00 AM,12,18,84,236,586,1436,2828,4104,7181,2
1146,05/28/2023 06:00:00 AM,,,,,,,,,,0
1147,05/29/2023 06:00:00 AM,,,,,,,,,,0
1148,05/30/2023 06:00:00 AM,,,,,,,,,,0
1149,05/31/2023 06:00:00 AM,12,18,84,236,586,1436,2829,4104,7182,2
1150,06/01/2023 06:00:00 AM,12,18,84,236,586,1436,2829,4104,7183,2
1151,06/02/2023 06:00:00 AM,12,18,84,236,586,1436,2829,4104,7185,2
1152,06/03/2023 06:00:00 AM,12,18,84,236,586,1436,2829,4104,7186,2
1153,06/04/2023 06:00:00 AM,,,,,,,,,,0
1154,06/05/2023 06:00:00 AM,,,,,,,,,,0
1155,06/06/2023 06:00:00 AM,12,18,84,236,586,1436,2829,4106,7185,2
1156,06/07/2023 06:00:00 AM,12,18,84,236,586,1436,2829,4106,7186,2
1157,06/08/2023 06:00:00 AM,12,18,84,236,586,1437,2829,4107,7186,2
1158,06/09/2023 06:00:00 AM,12,18,84,236,586,1437,2829,4108,7187,2
1159,06/10/2023 06:00:00 AM,12,18,84,237,586,1438,2829,4108,7188,2
1160,06/11/2023 06:00:00 AM,,,,,,,,,,0
1161,06/12/2023 06:00:00 AM,,,,,,,,,,0
1162,06/13/2023 06:00:00 AM,12,18,84,237,586,1438,2829,4108,7192,2
1163,06/14/2023 06:00:00 AM,12,18,84,237,586,1438,2829,4108,7195,2
1164,06/15/2023 06:00:00 AM,12,18,84,237,586,1438,2829,4108,7199,2
1165,06/16/2023 06:00:00 AM,12,18,84,237,587,1438,2829,4108,7200,2
1166,06/17/2023 06:00:00 AM,12,18,84,237,587,1438,2829,4108,7201,2
1167,06/18/2023 06:00:00 AM,,,,,,,,,,0
1168,06/19/2023 06:00:00 AM,,,,,,,,,,0
1169,06/20/2023 06:00:00 AM,,,,,,,,,,0
1170,06/21/2023 06:00:00 AM,12,18,84,237,588,1438,2829,4112,7204,2
1171,06/22/2023 06:00:00 AM,12,18,84,237,588,1438,2829,4112,7204,2
1172,06/23/2023 06:00:00 AM,12,18,84,237,588,1438,2830,4113,7206,2
1173,06/24/2023 06:00:00 AM,12,18,84,237,588,1438,2831,4112,7207,2
1174,06/25/2023 06:00:00 AM,,,,,,,,,,0
1175,06/26/2023 06:00:00 AM,,,,,,,,,,0
1176,06/27/2023 06:00:00 AM,12,18,84,237,588,1438,2831,4112,7208,2
1177,06/28/2023 06:00:00 AM,12,18,84,237,589,1438,2831,4112,7208,2
1178,06/29/2023 06:00:00 AM,12,18,84,237,589,1439,2831,4112,7209,2
1179,06/30/2023 06:00:00 AM,12,18,84,237,589,1439,2832,4113,7209,2
1180,07/01/2023 06:00:00 AM,12,18,84,237,589,1440,2831,4113,7209,2
1181,07/02/2023 06:00:00 AM,,,,,,,,,,0
1182,07/03/2023 06:00:00 AM,,,,,,,,,,0
1183,07/04/2023 06:00:00 AM,12,18,84,237,590,1440,2831,4113,7210,2
1184,07/05/2023 06:00:00 AM,,,,,,,,,,0
1185,07/06/2023 06:00:00 AM,12,18,84,237,591,1440,2833,4114,7210,2
1186,07/07/2023 06:00:00 AM,12,18,84,237,591,1440,2833,4114,7211,2
1187,07/08/2023 06:00:00 AM,12,18,84,237,591,1440,2832,4114,7212,2
1188,07/09/2023 06:00:00 AM,,,,,,,,,,0
1189,07/10/2023 06:00:00 AM,,,,,,,,,,0
1190,07/11/2023 06:00:00 AM,12,18,84,237,591,1441,2835,4115,7213,2
1191,07/12/2023 06:00:00 AM,12,18,84,237,591,1441,2835,4116,7215,2
1192,07/13/2023 06:00:00 AM,12,18,84,237,591,1441,2835,4116,7215,2
1193,07/14/2023 06:00:00 AM,12,18,84,237,591,1441,2835,4116,7216,2
1194,07/15/2023 06:00:00 AM,12,18,84,237,591,1441,2835,4117,7216,2
1195,07/16/2023 06:00:00 AM,,,,,,,,,,0
1196,07/17/2023 06:00:00 AM,,,,,,,,,,0
1197,07/18/2023 06:00:00 AM,12,18,84,237,591,1441,2835,4117,7217,2
1198,07/19/2023 06:00:00 AM,12,18,84,237,591,1441,2835,4117,7218,2
1199,07/20/2023 06:00:00 AM,12,18,84,237,592,1441,2835,4117,7219,2
1200,07/21/2023 06:00:00 AM,12,18,84,237,592,1441,2835,4117,7220,2
1201,07/22/2023 06:00:00 AM,12,18,84,237,594,1441,2835,4117,7221,2
1202,07/23/2023 06:00:00 AM,,,,,,,,,,0
1203,07/24/2023 06:00:00 AM,,,,,,,,,,0
1204,07/25/2023 06:00:00 AM,12,18,84,237,594,1441,2835,4118,7223,2
1205,07/26/2023 06:00:00 AM,12,18,84,237,594,1441,2835,4118,7225,2
1206,07/27/2023 06:00:00 AM,12,18,84,237,594,1441,2835,4119,7225,2
1207,07/28/2023 06:00:00 AM,12,18,84,237,594,1441,2835,4120,7226,2
1208,07/29/2023 06:00:00 AM,12,18,84,237,594,1441,2836,4120,7226,2
1209,07/30/2023 06:00:00 AM,,,,,,,,,,0
1210,07/31/2023 06:00:00 AM,,,,,,,,,,0
1211,08/01/2023 06:00:00 AM,12,18,84,237,594,1441,2836,4121,7226,2
1212,08/02/2023 06:00:00 AM,12,18,84,237,594,1441,2836,4121,7228,2
1213,08/03/2023 06:00:00 AM,12,18,84,237,594,1441,2836,4121,7228,2
1214,08/04/2023 06:00:00 AM,12,18,84,237,594,1441,2837,4121,7228,2
1215,08/05/2023 06:00:00 AM,12,18,84,237,594,1441,2838,4121,7229,2
1216,08/06/2023 06:00:00 AM,,,,,,,,,,0
1217,08/07/2023 06:00:00 AM,,,,,,,,,,0
1218,08/08/2023 06:00:00 AM,12,18,84,237,594,1442,2839,4122,7231,2
1219,08/09/2023 06:00:00 AM,12,18,84,237,594,1442,2839,4122,7234,2
1220,08/10/2023 06:00:00 AM,12,18,84,237,594,1442,2838,4123,7236,2
1221,08/11/2023 06:00:00 AM,12,18,84,237,594,1442,2838,4124,7237,2
1222,08/12/2023 06:00:00 AM,12,18,84,237,595,1442,2838,4123,7239,2
1223,08/13/2023 06:00:00 AM,,,,,,,,,,0
1224,08/14/2023 06:00:00 AM,,,,,,,,,,0
1225,08/15/2023 06:00:00 AM,12,18,84,237,595,1442,2840,4125,7240,2
1226,08/16/2023 06:00:00 AM,12,18,84,237,595,1442,2841,4127,7240,2
1227,08/17/2023 06:00:00 AM,12,18,84,237,595,1443,2841,4129,7241,2
1228,08/18/2023 06:00:00 AM,12,18,84,237,595,1443,2841,4130,7242,2
1229,08/19/2023 06:00:00 AM,12,18,84,237,595,1443,2842,4130,7244,2
1230,08/20/2023 06:00:00 AM,,,,,,,,,,0
1231,08/21/2023 06:00:00 AM,,,,,,,,,,0
1232,08/22/2023 06:00:00 AM,12,18,84,237,595,1444,2842,4136,7255,2
1233,08/23/2023 06:00:00 AM,12,18,84,237,595,1444,2842,4135,7257,2
1234,08/24/2023 06:00:00 AM,12,18,84,237,595,1444,2842,4137,7257,2
1235,08/25/2023 06:00:00 AM,12,18,84,237,595,1444,2842,4139,7258,2
1236,08/26/2023 06:00:00 AM,12,18,84,237,595,1445,2842,4140,7259,2
1237,08/27/2023 06:00:00 AM,,,,,,,,,,0
1238,08/28/2023 06:00:00 AM,,,,,,,,,,0
1239,08/29/2023 06:00:00 AM,12,18,84,237,595,1445,2842,4141,7261,2
1240,08/30/2023 06:00:00 AM,12,18,84,237,595,1445,2843,4141,7261,2
1241,08/31/2023 06:00:00 AM,12,18,84,237,595,1445,2843,4142,7262,2
1242,09/01/2023 06:00:00 AM,12,18,84,237,595,1445,2843,4144,7264,2
1243,09/02/2023 06:00:00 AM,12,18,84,237,595,1445,2843,4143,7266,2
1244,09/03/2023 06:00:00 AM,,,,,,,,,,0
1245,09/04/2023 06:00:00 AM,,,,,,,,,,0
1246,09/05/2023 06:00:00 AM,,,,,,,,,,0
1247,09/06/2023 06:00:00 AM,12,18,84,237,595,1445,2843,4144,7271,2
1248,09/07/2023 06:00:00 AM,12,18,84,237,595,1445,2844,4144,7273,2
1249,09/08/2023 06:00:00 AM,12,18,84,237,595,1445,2844,4144,7275,2
1250,09/09/2023 06:00:00 AM,12,18,84,237,596,1445,2844,4146,7276,2
1251,09/10/2023 06:00:00 AM,,,,,,,,,,0
1252,09/11/2023 06:00:00 AM,,,,,,,,,,0
1253,09/12/2023 06:00:00 AM,12,18,84,237,596,1445,2845,4148,7278,2
1254,09/13/2023 06:00:00 AM,12,18,84,237,597,1445,2847,4150,7283,2
1255,09/14/2023 06:00:00 AM,12,18,84,238,597,1445,2847,4151,7286,2
1256,09/15/2023 06:00:00 AM,12,18,84,238,597,1445,2848,4153,7289,2
1257,09/16/2023 06:00:00 AM,12,18,84,238,597,1445,2848,4153,7291,2
1258,09/17/2023 06:00:00 AM,,,,,,,,,,0
1259,09/18/2023 06:00:00 AM,,,,,,,,,,0
1260,09/19/2023 06:00:00 AM,12,18,84,238,598,1446,2852,4154,7293,2
1261,09/20/2023 06:00:00 AM,12,18,84,238,598,1446,2852,4155,7296,2
1262,09/21/2023 06:00:00 AM,12,18,84,238,598,1446,2852,4156,7299,2
1263,09/22/2023 06:00:00 AM,12,18,84,238,599,1446,2852,4157,7301,2
1264,09/23/2023 06:00:00 AM,12,18,84,238,599,1446,2852,4159,7304,2
1265,09/24/2023 06:00:00 AM,,,,,,,,,,0
1266,09/25/2023 06:00:00 AM,,,,,,,,,,0
1267,09/26/2023 06:00:00 AM,12,18,84,238,599,1446,2852,4162,7308,2
1268,09/27/2023 06:00:00 AM,12,18,84,238,599,1446,2852,4164,7311,2
1269,09/28/2023 06:00:00 AM,12,18,84,238,599,1446,2852,4164,7311,2
1270,09/29/2023 06:00:00 AM,12,19,84,238,599,1446,2852,4163,7311,2
1271,09/30/2023 06:00:00 AM,12,19,84,238,599,1447,2852,4164,7313,2
1272,10/01/2023 06:00:00 AM,,,,,,,,,,0
1273,10/02/2023 06:00:00 AM,,,,,,,,,,0
1274,10/03/2023 06:00:00 AM,12,19,84,238,599,1447,2853,4166,7315,2
1275,10/04/2023 06:00:00 AM,12,19,84,238,599,1447,2853,4168,7318,2
1276,10/05/2023 06:00:00 AM,12,19,84,238,599,1447,2854,4170,7322,2
1277,10/06/2023 06:00:00 AM,12,19,84,238,599,1447,2854,4170,7323,2
1278,10/07/2023 06:00:00 AM,12,19,84,238,599,1447,2854,4170,7327,2
1279,10/08/2023 06:00:00 AM,,,,,,,,,,0
1280,10/09/2023 06:00:00 AM,,,,,,,,,,0
1281,10/10/2023 06:00:00 AM,,,,,,,,,,0
1282,10/11/2023 06:00:00 AM,12,19,84,238,599,1447,2856,4170,7337,2
1283,10/12/2023 06:00:00 AM,12,19,84,238,599,1447,2857,4170,7338,2
1284,10/13/2023 06:00:00 AM,12,19,84,238,599,1448,2857,4172,7340,2
1285,10/14/2023 06:00:00 AM,12,19,84,238,599,1448,2857,4172,7344,2
1286,10/15/2023 06:00:00 AM,,,,,,,,,,0
1287,10/16/2023 06:00:00 AM,,,,,,,,,,0
1288,10/17/2023 06:00:00 AM,12,19,84,238,599,1448,2858,4174,7355,2
1289,10/18/2023 06:00:00 AM,12,19,84,238,599,1448,2858,4174,7359,2
1290,10/19/2023 06:00:00 AM,12,19,84,238,599,1449,2858,4174,7360,2
1291,10/20/2023 06:00:00 AM,12,19,84,238,599,1449,2858,4175,7362,2
1292,10/21/2023 06:00:00 AM,12,19,84,238,599,1449,2858,4177,7364,2
1293,10/22/2023 06:00:00 AM,,,,,,,,,,0
1294,10/23/2023 06:00:00 AM,,,,,,,,,,0
1295,10/24/2023 06:00:00 AM,12,19,84,238,599,1450,2859,4179,7367,2
1296,10/25/2023 06:00:00 AM,12,19,84,238,599,1450,2859,4179,7369,2
1297,10/26/2023 06:00:00 AM,12,19,84,238,599,1450,2861,4180,7369,2
1298,10/27/2023 06:00:00 AM,12,19,84,238,599,1450,2861,4181,7375,2
1299,10/28/2023 06:00:00 AM,12,19,84,238,599,1450,2861,4181,7378,2
1300,10/29/2023 06:00:00 AM,,,,,,,,,,0
1301,10/30/2023 06:00:00 AM,,,,,,,,,,0
1302,10/31/2023 06:00:00 AM,12,19,84,238,599,1450,2861,4184,7384,2
1303,11/01/2023 06:00:00 AM,12,19,84,238,599,1450,2861,4185,7386,2
1304,11/02/2023 06:00:00 AM,12,19,84,238,599,1450,2861,4185,7391,2
1305,11/03/2023 06:00:00 AM,12,19,84,238,599,1450,2862,4185,7394,2
1306,11/04/2023 06:00:00 AM,12,19,84,238,599,1450,2862,4186,7399,2
1307,11/05/2023 05:00:00 AM,,,,,,,,,,0
1308,11/06/2023 05:00:00 AM,,,,,,,,,,0
1309,11/07/2023 05:00:00 AM,12,19,84,238,599,1450,2863,4189,7406,2
1310,11/08/2023 05:00:00 AM,12,19,84,238,599,1450,2864,4188,7412,2
1311,11/09/2023 05:00:00 AM,12,19,84,238,599,1450,2865,4188,7414,2
1312,11/10/2023 05:00:00 AM,12,19,84,238,599,1450,2865,4189,7420,3
1313,11/11/2023 05:00:00 AM,,,,,,,,,,0
1314,11/12/2023 05:00:00 AM,,,,,,,,,,0
1315,11/13/2023 05:00:00 AM,,,,,,,,,,0
1316,11/14/2023 05:00:00 AM,12,19,84,238,599,1451,2866,4193,7431,2
1317,11/15/2023 05:00:00 AM,12,19,84,238,599,1451,2867,4193,7438,2
1318,11/16/2023 05:00:00 AM,12,19,84,238,599,1451,2867,4194,7443,2
1319,11/17/2023 05:00:00 AM,12,19,84,238,599,1451,2867,4193,7446,2
1320,11/18/2023 05:00:00 AM,12,19,84,238,599,1451,2867,4195,7451,2
1321,11/19/2023 05:00:00 AM,,,,,,,,,,0
1322,11/20/2023 05:00:00 AM,,,,,,,,,,0
1323,11/21/2023 05:00:00 AM,12,19,84,238,599,1451,2869,4199,7456,2
1324,11/22/2023 05:00:00 AM,12,19,84,238,599,1451,2870,4199,7466,2
1325,11/23/2023 05:00:00 AM,12,19,84,238,599,1451,2871,4200,7469,2
1326,11/24/2023 05:00:00 AM,,,,,,,,,,0
1327,11/25/2023 05:00:00 AM,,,,,,,,,,0
1328,11/26/2023 05:00:00 AM,,,,,,,,,,0
1329,11/27/2023 05:00:00 AM,,,,,,,,,,0
1330,11/28/2023 05:00:00 AM,12,19,84,238,600,1452,2877,4204,7483,2
